Workbook

Sheet Sheet1
A1: WBS | B1: ชื่อ WBS | C1: มีรายการบันทึกเข้าแล้ว | D1: Status | E1: User Status | F1: ศูนย์กำไร | G1: ศูนย์กำไร (ใหม่) ณ 04/07/65 | H1: ศูนย์ต้นทุนที่ขอ | I1: Creation Date | J1: Project profile | K1: Batch | L1: Estimate Amount | M1: REL Date | N1: TECO Date | O1: ACCO date | P1: CLSD Date | Q1: ศูนย์ต้นทุนที่รับผิดชอบ | R1: เลขประมาณการ | S1: Plan Start Date | T1: วันที่แก้ไขล่าสุด | U1: Create By | V1: ข้อโครงการย่อย | W1: ข้อโครงการ | X1: เลขที่สัญญา | Y1: Bid no. | Z1: หมายเลขผู้สมัคร | AA1: ผู้สมัคร | AB1: ประเภทโครงการ | AC1: ระดับในลำดับชั้นโครงการ | AD1: วันที่ส่งของ | AE1: วันที่ทำสัญญา | AF1: วันที่ประกวดราคา | AG1: แผนงาน/โครงการที่ 1 | AH1: เปอร์เซนต์ 1 | AI1: WACT date | AJ1: WCLS date | AK1: Settlement rule
A2: I/64.06.04.004.64.08.001 | B2: การก่อสร้างสายป้อนอากาศ และติดตั้งอุปกรณ | C2: No | D2: =VLOOKUP(A2,Sheet2!A:C,2,0) -> TECO | E2: =VLOOKUP(A2,Sheet2!A:C,3,0) -> WCNX | F2: P200000 | G2: =VLOOKUP(A2,Sheet2!A:D,4,0) -> P200000 | H2: C498000 | I2: 44356 | J2: I000001 | L2: 0.00 | M2: 44356 | Q2: C690000 | S2: 44211 | T2: 44638 | U2: 492004 | V2: 10.6.02 | Z2: 23 | AA2: สายป้อนเหนือดิน 24 KV. | AB2: 99 | AC2: 6 | AG2: 509900280600 | AH2: 100 | AI2: 44372
A3: I/64.06.04.004.64.16.302 | B3: OH.แรงต่ำโครงการพระราม3/2 ถนนพระราม3OH.แ | C3: No | D3: =VLOOKUP(A3,Sheet2!A:C,2,0) -> REL | E3: =VLOOKUP(A3,Sheet2!A:C,3,0) -> BGPR | F3: P200000 | G3: =VLOOKUP(A3,Sheet2!A:D,4,0) -> P690000 | H3: C498000 | I3: 44431 | J3: I000001 | L3: 0.00 | M3: 44431 | Q3: C690000 | S3: 44211 | T3: 44638 | U3: 492004 | V3: 10.6.02 | Z3: 20 | AA3: สายแรงต่ำ (สายบนอากาศและใ | AB3: 99 | AC3: 6 | AG3: 509900280600 | AH3: 100
A4: I/64.06.04.004.64.16.303 | B4: OH.แรงต่ำโครงการพระราม3/2 ถนนพระราม3OH.แ | C4: No | D4: =VLOOKUP(A4,Sheet2!A:C,2,0) -> REL | E4: =VLOOKUP(A4,Sheet2!A:C,3,0) -> BGPR | F4: P200000 | G4: =VLOOKUP(A4,Sheet2!A:D,4,0) -> P690000 | H4: C498000 | I4: 44431 | J4: I000001 | L4: 0.00 | M4: 44431 | Q4: C690000 | S4: 44211 | T4: 44638 | U4: 492004 | V4: 10.6.02 | Z4: 20 | AA4: สายแรงต่ำ (สายบนอากาศและใ | AB4: 99 | AC4: 6 | AG4: 509900280600 | AH4: 100
A5: I/64.09.04.001.64.05.207 | B5: เบิก 69kV Terminator Riser หน้า สย.บางยี | C5: Yes | D5: =VLOOKUP(A5,Sheet2!A:C,2,0) -> REL | E5: =VLOOKUP(A5,Sheet2!A:C,3,0) -> WACT | F5: P200000 | G5: =VLOOKUP(A5,Sheet2!A:D,4,0) -> P290000 | H5: C498000 | I5: 44371 | J5: I000001 | L5: 1,113,957.24 | M5: 44371 | Q5: C494000 | S5: 44202 | T5: 44670 | U5: 498002 | V5: 12.6.02 | Z5: 26 | AA5: สายส่งใต้ดิน69 KV. | AB5: 99 | AC5: 6 | AG5: 509900280800 | AH5: 100 | AI5: 44371 | AK5: 902076449001-0
A6: I/64.09.04.001.64.06.204 | B6: ติดตั้ง Riser 115 kV หน้าตลาด SCBติดตั้ง | C6: Yes | D6: =VLOOKUP(A6,Sheet2!A:C,2,0) -> REL | E6: =VLOOKUP(A6,Sheet2!A:C,3,0) -> WACT | F6: P200000 | G6: =VLOOKUP(A6,Sheet2!A:D,4,0) -> P290000 | H6: C498000 | I6: 44385 | J6: I000001 | L6: 519,776.70 | M6: 44385 | Q6: C460000 | S6: 44202 | T6: 44670 | U6: 498002 | Z6: 27 | AA6: สายส่งเหนือดิน 115 KV. | AB6: 99 | AC6: 6 | AG6: 509900280800 | AH6: 100 | AI6: 44385 | AK6: 902046449001-0
A7: I/64.09.04.001.64.06.205 | B7: ติดตั้ง Riser 115 kV หน้าตลาด SCBติดตั้ง | C7: Yes | D7: =VLOOKUP(A7,Sheet2!A:C,2,0) -> REL | E7: =VLOOKUP(A7,Sheet2!A:C,3,0) -> WACT | F7: P200000 | G7: =VLOOKUP(A7,Sheet2!A:D,4,0) -> P290000 | H7: C498000 | I7: 44385 | J7: I000001 | L7: 68,800.46 | M7: 44385 | Q7: C460000 | S7: 44202 | T7: 44670 | U7: 498002 | V7: 12.6.08 | Z7: 27 | AA7: สายส่งเหนือดิน 115 KV. | AB7: 99 | AC7: 6 | AG7: 509900280800 | AH7: 100 | AI7: 44385 | AK7: 902056449001-0
A8: I/64.09.04.001.64.12.204 | B8: OH.69kVแนวสายสีเหลือง ถ.ประดิษฐ์มนูธรรมO | C8: Yes | D8: =VLOOKUP(A8,Sheet2!A:C,2,0) -> REL | E8: =VLOOKUP(A8,Sheet2!A:C,3,0) -> WACT | F8: P200000 | G8: =VLOOKUP(A8,Sheet2!A:D,4,0) -> P290000 | H8: C498000 | I8: 44431 | J8: I000001 | L8: 762,451.06 | M8: 44431 | Q8: C460000 | S8: 44202 | T8: 44670 | U8: 492004 | V8: 12.6.05 | Z8: 25 | AA8: สายส่งเหนือดิน 69 KV. | AB8: 99 | AC8: 6 | AG8: 509900280800 | AH8: 100 | AI8: 44501 | AK8: 902046449001-0
A9: I/64.09.04.001.64.12.205 | B9: OH.69kVแนวสายสีเหลือง ถ.ประดิษฐ์มนูธรรมO | C9: No | D9: =VLOOKUP(A9,Sheet2!A:C,2,0) -> REL | E9: =VLOOKUP(A9,Sheet2!A:C,3,0) -> WACT | F9: P200000 | G9: =VLOOKUP(A9,Sheet2!A:D,4,0) -> P290000 | H9: C498000 | I9: 44431 | J9: I000001 | L9: 1,206,628.59 | M9: 44431 | Q9: C460000 | S9: 44202 | T9: 44670 | U9: 492004 | V9: 12.6.05 | Z9: 25 | AA9: สายส่งเหนือดิน 69 KV. | AB9: 99 | AC9: 6 | AG9: 509900280800 | AH9: 100 | AI9: 44501 | AK9: 902056449001-0
A10: I/64.09.04.001.65.27.305 | B10: จ้างที่ปรึกษาด้านกฎหมาย ฝบค.คส.15/2564 | C10: Yes | D10: =VLOOKUP(A10,Sheet2!A:C,2,0) -> REL | E10: =VLOOKUP(A10,Sheet2!A:C,3,0) -> WACT | F10: P200000 | G10: =VLOOKUP(A10,Sheet2!A:D,4,0) -> P490000 | H10: C498000 | I10: 44602 | J10: I000001 | L10: 1,152,000.00 | M10: 44602 | Q10: C499000 | S10: 44202 | T10: 44670 | U10: 498002 | Z10: 24 | AA10: สายป้อนใต้ดิน24 KV. | AB10: 99 | AC10: 6 | AG10: 509900280800 | AH10: 100 | AI10: 44602 | AK10: 903056449001-0
A11: I/64.09.04.002.64.70.303 | B11: สายอากาศแรงต่ำ ถนนพระราม5สายอากาศแรงต่ำ | C11: Yes | D11: =VLOOKUP(A11,Sheet2!A:C,2,0) -> REL | E11: =VLOOKUP(A11,Sheet2!A:C,3,0) -> WACT | F11: P200000 | G11: =VLOOKUP(A11,Sheet2!A:D,4,0) -> P560000 | H11: C498000 | I11: 44348 | J11: I000001 | L11: 0.00 | M11: 44348 | Q11: C560000 | S11: 44202 | T11: 44670 | U11: 498002 | V11: 12.6.09 | Z11: 20 | AA11: สายแรงต่ำ (สายบนอากาศและใ | AB11: 99 | AC11: 6 | AG11: 509900280800 | AH11: 100 | AI11: 44348 | AK11: 903036449001-0
A12: I/64.09.04.002.64.73.303 | B12: CONS.OH. NR425 บริเวณซอยติวานนท์ 52 ฟขน. | C12: No | D12: =VLOOKUP(A12,Sheet2!A:C,2,0) -> REL | E12: =VLOOKUP(A12,Sheet2!A:C,3,0) -> WACT | F12: P200000 | G12: =VLOOKUP(A12,Sheet2!A:D,4,0) -> P570000 | H12: C498000 | I12: 44364 | J12: I000001 | L12: 121,830.45 | M12: 44364 | Q12: C570000 | S12: 44202 | T12: 44670 | U12: 492003 | V12: 12.6.06 | Z12: 23 | AA12: สายป้อนเหนือดิน 24 KV. | AB12: 99 | AC12: 6 | AG12: 509900280800 | AH12: 100 | AI12: 44375 | AK12: 903036449001-0
A13: I/64.09.04.002.64.91.302 | B13: ก่อร้างสายอากาศ ซอยรามคำแหง 42การก่อสร้า | C13: Yes | D13: =VLOOKUP(A13,Sheet2!A:C,2,0) -> REL | E13: =VLOOKUP(A13,Sheet2!A:C,3,0) -> WACT | F13: P200000 | G13: =VLOOKUP(A13,Sheet2!A:D,4,0) -> P760000 | H13: C498000 | I13: 44384 | J13: I000001 | L13: 51,536.52 | M13: 44384 | Q13: C760000 | S13: 44202 | T13: 44670 | U13: 498002 | V13: 12.6.12 | Z13: 23 | AA13: สายป้อนเหนือดิน 24 KV. | AB13: 99 | AC13: 6 | AG13: 509900280800 | AH13: 100 | AI13: 44384 | AK13: 903026449001-0
A14: I/64.09.04.002.64.91.303 | B14: ก่อร้างสายอากาศ ซอยรามคำแหง 42 | C14: Yes | D14: =VLOOKUP(A14,Sheet2!A:C,2,0) -> REL | E14: =VLOOKUP(A14,Sheet2!A:C,3,0) -> WACT | F14: P200000 | G14: =VLOOKUP(A14,Sheet2!A:D,4,0) -> P760000 | H14: C498000 | I14: 44384 | J14: I000001 | L14: 10,038.31 | M14: 44384 | Q14: C760000 | S14: 44202 | T14: 44670 | U14: 498002 | V14: 12.6.12 | Z14: 23 | AA14: สายป้อนเหนือดิน 24 KV. | AB14: 99 | AC14: 6 | AG14: 509900280800 | AH14: 100 | AI14: 44384 | AK14: 903036449001-0
A15: I/64.09.04.002.64.92.302 | B15: ก่อร้างสายอากาศ ซอยรามคำแหง 44การก่อสร้า | C15: Yes | D15: =VLOOKUP(A15,Sheet2!A:C,2,0) -> REL | E15: =VLOOKUP(A15,Sheet2!A:C,3,0) -> WACT | F15: P200000 | G15: =VLOOKUP(A15,Sheet2!A:D,4,0) -> P760000 | H15: C498000 | I15: 44384 | J15: I000001 | L15: 48,179.62 | M15: 44384 | Q15: C760000 | S15: 44202 | T15: 44670 | U15: 498002 | Z15: 23 | AA15: สายป้อนเหนือดิน 24 KV. | AB15: 99 | AC15: 6 | AG15: 509900280800 | AH15: 100 | AI15: 44384 | AK15: 903026449001-0
A16: I/64.09.04.002.64.92.303 | B16: ก่อร้างสายอากาศ ซอยรามคำแหง 44การก่อสร้า | C16: Yes | D16: =VLOOKUP(A16,Sheet2!A:C,2,0) -> REL | E16: =VLOOKUP(A16,Sheet2!A:C,3,0) -> WACT | F16: P200000 | G16: =VLOOKUP(A16,Sheet2!A:D,4,0) -> P760000 | H16: C498000 | I16: 44384 | J16: I000001 | L16: 10,038.31 | M16: 44384 | Q16: C760000 | S16: 44202 | T16: 44670 | U16: 498002 | V16: 12.6.12 | Z16: 23 | AA16: สายป้อนเหนือดิน 24 KV. | AB16: 99 | AC16: 6 | AG16: 509900280800 | AH16: 100 | AI16: 44384 | AK16: 903036449001-0
A17: I/64.09.04.002.64.93.302 | B17: ก่อร้างสายอากาศ ซอยรามคำแหง 46 | C17: Yes | D17: =VLOOKUP(A17,Sheet2!A:C,2,0) -> REL | E17: =VLOOKUP(A17,Sheet2!A:C,3,0) -> WACT | F17: P200000 | G17: =VLOOKUP(A17,Sheet2!A:D,4,0) -> P760000 | H17: C498000 | I17: 44384 | J17: I000001 | L17: 48,179.62 | M17: 44384 | Q17: C760000 | S17: 44202 | T17: 44670 | U17: 498002 | V17: 12.6.12 | Z17: 23 | AA17: สายป้อนเหนือดิน 24 KV. | AB17: 99 | AC17: 6 | AG17: 509900280800 | AH17: 100 | AI17: 44384 | AK17: 903026449001-0
A18: I/64.09.04.002.64.93.303 | B18: ก่อร้างสายอากาศ ซอยรามคำแหง 46 | C18: No | D18: =VLOOKUP(A18,Sheet2!A:C,2,0) -> REL | E18: =VLOOKUP(A18,Sheet2!A:C,3,0) -> WACT | F18: P200000 | G18: =VLOOKUP(A18,Sheet2!A:D,4,0) -> P760000 | H18: C498000 | I18: 44384 | J18: I000001 | L18: 10,038.31 | M18: 44384 | Q18: C760000 | S18: 44202 | T18: 44670 | U18: 498002 | V18: 12.6.12 | Z18: 23 | AA18: สายป้อนเหนือดิน 24 KV. | AB18: 99 | AC18: 6 | AG18: 509900280800 | AH18: 100 | AI18: 44384 | AK18: 903036449001-0
A19: I/64.09.04.002.64.KJ.302 | B19: ก่อสร้างสายอากาศ ซอยข้าง สน.โชคชัย 4 ฟขจ | C19: No | D19: =VLOOKUP(A19,Sheet2!A:C,2,0) -> REL | E19: =VLOOKUP(A19,Sheet2!A:C,3,0) -> WACT | F19: P200000 | G19: =VLOOKUP(A19,Sheet2!A:D,4,0) -> P550000 | H19: C498000 | I19: 44512 | J19: I000001 | L19: 45,521.79 | M19: 44512 | Q19: C550000 | R19: 12.6.05 | S19: 44202 | T19: 44670 | U19: 492003 | V19: 12.6.05 | Z19: 23 | AA19: สายป้อนเหนือดิน 24 KV. | AB19: 99 | AC19: 6 | AG19: 509900280800 | AH19: 100 | AI19: 44512 | AK19: 903026449001-0
A20: I/64.09.04.002.64.KJ.303 | B20: ก่อสร้างสายอากาศ ซอยข้าง สน.โชคชัย 4 ฟขจ | C20: No | D20: =VLOOKUP(A20,Sheet2!A:C,2,0) -> REL | E20: =VLOOKUP(A20,Sheet2!A:C,3,0) -> WACT | F20: P200000 | G20: =VLOOKUP(A20,Sheet2!A:D,4,0) -> P550000 | H20: C498000 | I20: 44512 | J20: I000001 | L20: 60,894.21 | M20: 44512 | Q20: C550000 | R20: 12.6.05 | S20: 44202 | T20: 44670 | U20: 492003 | V20: 12.6.05 | Z20: 23 | AA20: สายป้อนเหนือดิน 24 KV. | AB20: 99 | AC20: 6 | AG20: 509900280800 | AH20: 100 | AI20: 44512 | AK20: 903036449001-0
A21: I/64.10.03.001.64.AT.305 | B21: RT416_UG ถนนรามอินทรา | C21: Yes | D21: =VLOOKUP(A21,Sheet2!A:C,2,0) -> REL | E21: =VLOOKUP(A21,Sheet2!A:C,3,0) -> WACT | F21: P200000 | G21: =VLOOKUP(A21,Sheet2!A:D,4,0) -> P800000 | H21: C498000 | I21: 44356 | J21: I000001 | L21: 0.00 | M21: 44356 | Q21: C660000 | S21: 44190 | T21: 44740 | U21: 492004 | W21: 12.3.21 | Z21: 24 | AA21: สายป้อนใต้ดิน24 KV. | AB21: 99 | AC21: 6 | AG21: 509900280900 | AH21: 100 | AI21: 44356 | AK21: 903056449001-0
A22: I/64.10.03.001.64.DJ.304 | B22: การยกคอบ่อฯ ถนนพระราม 6การยกคอบ่อพักสายไ | C22: Yes | D22: =VLOOKUP(A22,Sheet2!A:C,2,0) -> REL | E22: =VLOOKUP(A22,Sheet2!A:C,3,0) -> WCLS | F22: P200000 | G22: =VLOOKUP(A22,Sheet2!A:D,4,0) -> P560000 | H22: C492200 | I22: 44533 | J22: I000001 | L22: 653,910.00 | M22: 44533 | Q22: C460000 | S22: 44190 | T22: 44740 | U22: 492004 | W22: 12.3.21 | Z22: 24 | AA22: สายป้อนใต้ดิน24 KV. | AB22: 99 | AC22: 6 | AG22: 509900280900 | AH22: 100 | AI22: 44533 | AJ22: 44736 | AK22: 903056449001-0
A23: I/64.10.03.001.64.XX.001 | B23: DB. | C23: No | D23: =VLOOKUP(A23,Sheet2!A:C,2,0) -> REL | E23: =VLOOKUP(A23,Sheet2!A:C,3,0) -> BGPR | F23: P200000 | G23: =VLOOKUP(A23,Sheet2!A:D,4,0) -> P490000 | H23: C492200 | I23: 44310 | J23: I000001 | L23: 5,950,890.00 | M23: 44310 | Q23: C460000 | S23: 44190 | T23: 44740 | U23: 492004 | W23: 12.3.21 | Z23: 24 | AA23: สายป้อนใต้ดิน24 KV. | AB23: 99 | AC23: 6 | AG23: 509900280900 | AH23: 100
A24: I/64.10.03.001.64.XX.002 | B24: UG.HV | C24: No | D24: =VLOOKUP(A24,Sheet2!A:C,2,0) -> REL | E24: =VLOOKUP(A24,Sheet2!A:C,3,0) -> BGPR | F24: P200000 | G24: =VLOOKUP(A24,Sheet2!A:D,4,0) -> P490000 | H24: C492200 | I24: 44310 | J24: I000001 | L24: 9,724,269.45 | M24: 44310 | Q24: C460000 | S24: 44190 | T24: 44740 | U24: 492004 | W24: 12.3.21 | Z24: 24 | AA24: สายป้อนใต้ดิน24 KV. | AB24: 99 | AC24: 6 | AG24: 509900280900 | AH24: 100
A25: I/64.10.03.001.64.XX.003 | B25: OH.HV | C25: No | D25: =VLOOKUP(A25,Sheet2!A:C,2,0) -> REL | E25: =VLOOKUP(A25,Sheet2!A:C,3,0) -> BGPR | F25: P200000 | G25: =VLOOKUP(A25,Sheet2!A:D,4,0) -> P490000 | H25: C492200 | I25: 44310 | J25: I000001 | L25: 901,681.15 | M25: 44310 | Q25: C460000 | S25: 44190 | T25: 44740 | U25: 492004 | W25: 12.3.21 | Z25: 24 | AA25: สายป้อนใต้ดิน24 KV. | AB25: 99 | AC25: 6 | AG25: 509900280900 | AH25: 100
A26: I/64.10.03.001.64.XX.004 | B26: UG.MV | C26: No | D26: =VLOOKUP(A26,Sheet2!A:C,2,0) -> REL | E26: =VLOOKUP(A26,Sheet2!A:C,3,0) -> BGPR | F26: P200000 | G26: =VLOOKUP(A26,Sheet2!A:D,4,0) -> P490000 | H26: C492200 | I26: 44310 | J26: I000001 | L26: 11,303,611.56 | M26: 44310 | Q26: C460000 | S26: 44190 | T26: 44740 | U26: 492004 | W26: 12.3.21 | Z26: 24 | AA26: สายป้อนใต้ดิน24 KV. | AB26: 99 | AC26: 6 | AG26: 509900280900 | AH26: 100
A27: I/64.10.03.001.64.XX.005 | B27: OH.MV | C27: No | D27: =VLOOKUP(A27,Sheet2!A:C,2,0) -> REL | E27: =VLOOKUP(A27,Sheet2!A:C,3,0) -> BGPR | F27: P200000 | G27: =VLOOKUP(A27,Sheet2!A:D,4,0) -> P490000 | H27: C492200 | I27: 44310 | J27: I000001 | L27: 573,906.88 | M27: 44310 | Q27: C460000 | S27: 44190 | T27: 44740 | U27: 492004 | W27: 12.3.21 | Z27: 24 | AA27: สายป้อนใต้ดิน24 KV. | AB27: 99 | AC27: 6 | AG27: 509900280900 | AH27: 100
A28: I/64.10.03.001.64.XX.006 | B28: ราคาสาย | C28: No | D28: =VLOOKUP(A28,Sheet2!A:C,2,0) -> REL | E28: =VLOOKUP(A28,Sheet2!A:C,3,0) -> BGPR | F28: P200000 | G28: =VLOOKUP(A28,Sheet2!A:D,4,0) -> P490000 | H28: C492200 | I28: 44434 | J28: I000001 | L28: 35,527.55 | M28: 44434 | Q28: C460000 | S28: 44190 | T28: 44740 | U28: 492004 | W28: 12.3.21 | Z28: 24 | AA28: สายป้อนใต้ดิน24 KV. | AB28: 99 | AC28: 6 | AG28: 509900280900 | AH28: 100
A29: I/64.10.03.001.64.XX.007 | B29: OH.AFC 1 km 2565 | C29: No | D29: =VLOOKUP(A29,Sheet2!A:C,2,0) -> REL | E29: =VLOOKUP(A29,Sheet2!A:C,3,0) -> BGPR | F29: P200000 | G29: =VLOOKUP(A29,Sheet2!A:D,4,0) -> P490000 | H29: C492200 | I29: 44538 | J29: I000001 | L29: 3,694,439.61 | M29: 44538 | Q29: C460000 | S29: 44190 | T29: 44740 | U29: 492004 | W29: 12.3.21 | Z29: 24 | AA29: สายป้อนใต้ดิน24 KV. | AB29: 99 | AC29: 6 | AG29: 509900280900 | AH29: 100
A30: I/64.10.03.001.64.XX.008 | B30: UG. 1 km 2565 | C30: No | D30: =VLOOKUP(A30,Sheet2!A:C,2,0) -> REL | E30: =VLOOKUP(A30,Sheet2!A:C,3,0) -> BGPR | F30: P200000 | G30: =VLOOKUP(A30,Sheet2!A:D,4,0) -> P490000 | H30: C492200 | I30: 44538 | J30: I000001 | L30: 6,608,942.66 | M30: 44538 | Q30: C460000 | S30: 44190 | T30: 44740 | U30: 492004 | W30: 12.3.21 | Z30: 24 | AA30: สายป้อนใต้ดิน24 KV. | AB30: 99 | AC30: 6 | AG30: 509900280900 | AH30: 100
A31: I/64.10.03.001.64.XX.009 | B31: OH.ASC 1 km 2565 | C31: No | D31: =VLOOKUP(A31,Sheet2!A:C,2,0) -> REL | E31: =VLOOKUP(A31,Sheet2!A:C,3,0) -> BGPR | F31: P200000 | G31: =VLOOKUP(A31,Sheet2!A:D,4,0) -> P490000 | H31: C492200 | I31: 44538 | J31: I000001 | L31: 2,714,614.05 | M31: 44538 | Q31: C460000 | S31: 44190 | T31: 44740 | U31: 492004 | W31: 12.3.21 | Z31: 24 | AA31: สายป้อนใต้ดิน24 KV. | AB31: 99 | AC31: 6 | AG31: 509900280900 | AH31: 100
A32: I/64.10.03.001.64.XX.010 | B32: RE.OH. 1 km 2565 | C32: No | D32: =VLOOKUP(A32,Sheet2!A:C,2,0) -> REL | E32: =VLOOKUP(A32,Sheet2!A:C,3,0) -> BGPR | F32: P200000 | G32: =VLOOKUP(A32,Sheet2!A:D,4,0) -> P490000 | H32: C492200 | I32: 44538 | J32: I000001 | L32: 792,452.48 | M32: 44538 | Q32: C460000 | S32: 44190 | T32: 44740 | U32: 492004 | W32: 12.3.21 | Z32: 24 | AA32: สายป้อนใต้ดิน24 KV. | AB32: 99 | AC32: 6 | AG32: 509900280900 | AH32: 100
A33: I/64.10.03.001.64.XX.011 | B33: องค์ประกอบ WBS I/64.10.03.001.64.XX.011 | C33: No | D33: =VLOOKUP(A33,Sheet2!A:C,2,0) -> REL | E33: =VLOOKUP(A33,Sheet2!A:C,3,0) -> BGPR | F33: P200000 | G33: =VLOOKUP(A33,Sheet2!A:D,4,0) -> P490000 | H33: C492200 | I33: 44539 | J33: I000001 | L33: 1,960,200.03 | M33: 44539 | Q33: C460000 | S33: 44190 | T33: 44740 | U33: 492004 | W33: 12.3.21 | Z33: 23 | AA33: สายป้อนเหนือดิน 24 KV. | AB33: 99 | AC33: 6 | AG33: 509900280900 | AH33: 100
A34: I/64.10.20.001.64.36.203 | B34: ออกแบบเพื่อปรับปรุงสถานีต้นทางบางพล | C34: No | D34: =VLOOKUP(A34,Sheet2!A:C,2,0) -> REL | E34: =VLOOKUP(A34,Sheet2!A:C,3,0) -> WACT | F34: P200000 | G34: =VLOOKUP(A34,Sheet2!A:D,4,0) -> P230000 | H34: C492000 | I34: 44352 | J34: I000001 | L34: 141,583.70 | M34: 44352 | Q34: C230000 | S34: 44190 | T34: 44740 | U34: 492004 | V34: 13.1.08.1 | Z34: 111 | AA34: งานออกแบบสถานีต้นทาง/ย่อย | AB34: 99 | AC34: 6 | AG34: 509900280900 | AH34: 100 | AI34: 44391 | AK34: 902030000510-0
A35: N/65.32.05.901.65.02 | B35: ปรับปรุงพื้นที่ทำงานฝ่ายพัฒนาระบบเทคโนโล | C35: Yes | D35: =VLOOKUP(A35,Sheet2!A:C,2,0) -> REL | E35: =VLOOKUP(A35,Sheet2!A:C,3,0) -> WACT | F35: P200000 | G35: =VLOOKUP(A35,Sheet2!A:D,4,0) -> P320000 | H35: C320000 | I35: 44631 | J35: N000001 | L35: 159,794.00 | M35: 44631 | Q35: C320000 | S35: 44631 | T35: 44725 | U35: 444003 | Z35: 0 | AB35: 18 | AC35: 5 | AE35: 242978 | AG35: 509900200000 | AH35: 100 | AI35: 44631 | AK35: 904020002770-0
A36: N/65.53.05.901.65.02 | B36: งานปรับปรุงฝ้าเพดานและผนังห้องปฏิบัติการ | C36: No | D36: =VLOOKUP(A36,Sheet2!A:C,2,0) -> REL | E36: =VLOOKUP(A36,Sheet2!A:C,3,0) -> WACT | F36: P200000 | G36: =VLOOKUP(A36,Sheet2!A:D,4,0) -> P530000 | H36: C530000 | I36: 44631 | J36: N000001 | L36: 1,382,000.00 | M36: 44631 | Q36: C440000 | S36: 44565 | T36: 44649 | U36: 444004 | Z36: 0 | AB36: 18 | AC36: 5 | AE36: 44742 | AG36: 509900530000 | AH36: 100 | AI36: 44631 | AK36: 904020002759-0
A37: N/65.79.05.901.65.02 | B37: งานก่อสร้างอาคารโรงเก็บขยะ ฟขม. | C37: No | D37: =VLOOKUP(A37,Sheet2!A:C,2,0) -> REL | E37: =VLOOKUP(A37,Sheet2!A:C,3,0) -> WACT | F37: P200000 | G37: =VLOOKUP(A37,Sheet2!A:D,4,0) -> P790000 | H37: C790000 | I37: 44631 | J37: N000001 | L37: 704,100.00 | M37: 44631 | Q37: C440000 | S37: 44565 | T37: 44741 | U37: 444003 | Z37: 0 | AB37: 18 | AC37: 5 | AE37: 44804 | AG37: 509900790000 | AH37: 100 | AI37: 44631 | AK37: 904020002768-0
A38: N/65.79.06.901.65.03 | B38: ระบบไฟฟ้าแรงต่ำ | C38: Yes | D38: =VLOOKUP(A38,Sheet2!A:C,2,0) -> REL | E38: =VLOOKUP(A38,Sheet2!A:C,3,0) -> WACT | F38: P200000 | G38: =VLOOKUP(A38,Sheet2!A:D,4,0) -> P790000 | H38: C790000 | I38: 44623 | J38: N000001 | L38: 41,100.00 | M38: 44623 | Q38: C300000 | S38: 44565 | T38: 44741 | U38: 444004 | Z38: 0 | AB38: 18 | AC38: 5 | AD38: 44742 | AE38: 44712 | AG38: 509900790000 | AH38: 100 | AI38: 44623 | AK38: 904020002787-0

Sheet Sheet2
A1: I/64.06.04.004.64.08.001 | B1: TECO | C1: WCNX | D1: P200000
A2: I/64.06.04.004.64.16.302 | B2: REL | C2: BGPR | D2: P690000
A3: I/64.06.04.004.64.16.303 | B3: REL | C3: BGPR | D3: P690000
A4: I/64.09.04.001.64.05.207 | B4: REL | C4: WACT | D4: P290000
A5: I/64.09.04.001.64.06.204 | B5: REL | C5: WACT | D5: P290000
A6: I/64.09.04.001.64.06.205 | B6: REL | C6: WACT | D6: P290000
A7: I/64.09.04.001.64.12.204 | B7: REL | C7: WACT | D7: P290000
A8: I/64.09.04.001.64.12.205 | B8: REL | C8: WACT | D8: P290000
A9: I/64.09.04.001.65.27.305 | B9: REL | C9: WACT | D9: P490000
A10: I/64.09.04.002.64.70.303 | B10: REL | C10: WACT | D10: P560000
A11: I/64.09.04.002.64.73.303 | B11: REL | C11: WACT | D11: P570000
A12: I/64.09.04.002.64.91.302 | B12: REL | C12: WACT | D12: P760000
... A37: N/65.79.06.901.65.03 | B37: REL | C37: WACT | D37: P790000
