Workbook

Sheet Sheet1
A1: เลขรับเรื่อง | B1: เลขประมาณการ | C1: WBS No. | D1: เลขรับเรื่อง | E1: บัญชี | F1: ขื่อบัญชี | G1: Status | H1: User Status | I1: ค่าจริง | J1: ค่าประมาณการ | K1: ผลต่าง | L1: หน่วยงานสนาม | M1: TECO Date
A2: 320000069587 | B2: 6960 | C2: S/60.69.00010.02 | D2: 320000069587 | E2: 4120500010 | F2: รายได้-รับเหมาสายใน | G2: TECO | H2: ACCO | I2: -2361.82 | J2: -2361.82 | K2: 0 | M2: 44301
A3: 320000099933 | B3: 6961 | C3: S/61.69.00070.05 | D3: 320000099933 | E3: 4120500010 | F3: รายได้-รับเหมาสายใน | G3: CRTD | H3: WACT | I3: 0 | J3: -107850.47 | K3: 107850.47
A4: 320000099932 | B4: 6961 | C4: S/61.69.00074.05 | D4: 320000099932 | E4: 4120500010 | F4: รายได้-รับเหมาสายใน | G4: CRTD | H4: WACT | I4: 0 | J4: -132605.87 | K4: 132605.87
A5: 300001473823 | B5: 6961 | C5: S/61.69.00119.02 | D5: 300001473823 | E5: 4120500010 | F5: รายได้-รับเหมาสายใน | G5: CRTD | H5: WACT | I5: 0 | J5: -2233.64 | K5: 2233.64
A6: 300001459003 | B6: 6961 | C6: S/61.69.00140.02 | D6: 300001459003 | E6: 4120500010 | F6: รายได้-รับเหมาสายใน | G6: CRTD | H6: WACT | I6: 0 | J6: -2392.52 | K6: 2392.52
A7: 320000099932 | B7: 6961 | C7: S/61.69.00075.05 | D7: 320000099932 | E7: 4120500010 | F7: รายได้-รับเหมาสายใน | G7: CRTD | H7: WACT | I7: 0 | J7: -169431.51 | K7: 169431.51
A8: 300001495824 | B8: 6961 | C8: S/61.69.00135.02 | D8: 300001495824 | E8: 4120500010 | F8: รายได้-รับเหมาสายใน | G8: CRTD | H8: WACT | I8: 0 | J8: -2299.07 | K8: 2299.07
A9: 300001495822 | B9: 6961 | C9: S/61.69.00139.02 | D9: 300001495822 | E9: 4120500010 | F9: รายได้-รับเหมาสายใน | G9: CRTD | H9: WACT | I9: 0 | J9: -1168.22 | K9: 1168.22
A10: 300001495823 | B10: 6961 | C10: S/61.69.00136.02 | D10: 300001495823 | E10: 4120500010 | F10: รายได้-รับเหมาสายใน | G10: CRTD | H10: WACT | I10: 0 | J10: -5355.14 | K10: 5355.14
A11: 320000108916 | B11: 6962 | C11: S/62.69.00012.05 | D11: 320000108916 | E11: 4120500010 | F11: รายได้-รับเหมาสายใน | G11: CRTD | H11: WACT | I11: 0 | J11: -120280.14 | K11: 120280.14
A12: 320000107734 | B12: 6962 | C12: S/62.69.00010.02 | D12: 320000107734 | E12: 4120500010 | F12: รายได้-รับเหมาสายใน | G12: TECO | H12: ACCO | I12: -226297.55 | J12: -226297.55 | K12: 0 | M12: 44551
A13: 320000108916 | B13: 6962 | C13: S/62.69.00015.05 | D13: 320000108916 | E13: 4120500010 | F13: รายได้-รับเหมาสายใน | G13: CRTD | H13: WACT | I13: 0 | J13: -12140.42 | K13: 12140.42
A14: 320000107734 | B14: 6962 | C14: S/62.69.00011.02 | D14: 320000107734 | E14: 4120500010 | F14: รายได้-รับเหมาสายใน | G14: TECO | H14: ACCO | I14: -146898.71 | J14: -146898.71 | K14: 0 | M14: 44551
A15: 300001704577 | B15: 6962 | C15: S/62.69.00208.02 | D15: 300001704577 | E15: 4120500010 | F15: รายได้-รับเหมาสายใน | G15: CRTD | H15: WACT | I15: 0 | J15: -3603.81 | K15: 3603.81
A16: 300001704578 | B16: 6962 | C16: S/62.69.00216.02 | D16: 300001704578 | E16: 4120500010 | F16: รายได้-รับเหมาสายใน | G16: CRTD | H16: WACT | I16: 0 | J16: -3603.81 | K16: 3603.81
A17: 300001045005 | B17: 6962 | C17: S/62.69.00128.02 | D17: 300001045005 | E17: 4120500010 | F17: รายได้-รับเหมาสายใน | G17: CRTD | H17: WACT | I17: 0 | J17: -2196.26 | K17: 2196.26
A18: 300001047950 | B18: 6962 | C18: S/62.69.00119.02 | D18: 300001047950 | E18: 4120500010 | F18: รายได้-รับเหมาสายใน | G18: CRTD | H18: WACT | I18: 0 | J18: -1158.88 | K18: 1158.88
A19: 300001047860 | B19: 6962 | C19: S/62.69.00123.02 | D19: 300001047860 | E19: 4120500010 | F19: รายได้-รับเหมาสายใน | G19: CRTD | H19: WACT | I19: 0 | J19: -2719.63 | K19: 2719.63
A20: 300001473200 | B20: 6962 | C20: S/62.69.00120.02 | D20: 300001473200 | E20: 4120500010 | F20: รายได้-รับเหมาสายใน | G20: CRTD | H20: WACT | I20: 0 | J20: -1168.22 | K20: 1168.22
A21: 300001047794 | B21: 6962 | C21: S/62.69.00132.02 | D21: 300001047794 | E21: 4120500010 | F21: รายได้-รับเหมาสายใน | G21: CRTD | H21: WACT | I21: 0 | J21: -1158.88 | K21: 1158.88
A22: 320000112670 | B22: 6962 | C22: S/62.69.00096.02 | D22: 320000112670 | E22: 4120500010 | F22: รายได้-รับเหมาสายใน | G22: TECO | H22: ACCO | I22: -3464.68 | J22: -3464.56 | K22: -0.12 | M22: 44439
A23: 300001462822 | B23: 6962 | C23: S/62.69.00125.02 | D23: 300001462822 | E23: 4120500010 | F23: รายได้-รับเหมาสายใน | G23: CRTD | H23: WACT | I23: 0 | J23: -1130.84 | K23: 1130.84
A24: 300001733684 | B24: 6963 | C24: S/63.69.00137.02 | D24: 300001733684 | E24: 4120500010 | F24: รายได้-รับเหมาสายใน | G24: CRTD | H24: WACT | I24: 0 | J24: -11611.22 | K24: 11611.22
A25: 320000118997 | B25: 6962 | C25: S/62.69.00176.02 | D25: 320000118997 | E25: 4120500010 | F25: รายได้-รับเหมาสายใน | G25: TECO | H25: WCLS | I25: -3102.08 | J25: -3102.08 | K25: 0 | M25: 44504
A26: 300001047798 | B26: 6962 | C26: S/62.69.00131.02 | D26: 300001047798 | E26: 4120500010 | F26: รายได้-รับเหมาสายใน | G26: CRTD | H26: WACT | I26: 0 | J26: -1158.88 | K26: 1158.88
A27: 300001047812 | B27: 6962 | C27: S/62.69.00133.02 | D27: 300001047812 | E27: 4120500010 | F27: รายได้-รับเหมาสายใน | G27: CRTD | H27: WACT | I27: 0 | J27: -1158.88 | K27: 1158.88
A28: 300001047800 | B28: 6962 | C28: S/62.69.00134.02 | D28: 300001047800 | E28: 4120500010 | F28: รายได้-รับเหมาสายใน | G28: CRTD | H28: WACT | I28: 0 | J28: -1158.88 | K28: 1158.88
A29: 300001047948 | B29: 6962 | C29: S/62.69.00121.02 | D29: 300001047948 | E29: 4120500010 | F29: รายได้-รับเหมาสายใน | G29: CRTD | H29: WACT | I29: 0 | J29: -1158.88 | K29: 1158.88
A30: 320000112670 | B30: 6962 | C30: S/62.69.00097.02 | D30: 320000112670 | E30: 4120500010 | F30: รายได้-รับเหมาสายใน | G30: TECO | H30: ACCO | I30: -3098.87 | J30: -3098.99 | K30: 0.12 | M30: 44439
A31: 300001663889 | B31: 6962 | C31: S/62.69.00146.02 | D31: 300001663889 | E31: 4120500010 | F31: รายได้-รับเหมาสายใน | G31: CRTD | H31: WACT | I31: 0 | J31: -77383.18 | K31: 77383.18
A32: 300001047801 | B32: 6962 | C32: S/62.69.00130.02 | D32: 300001047801 | E32: 4120500010 | F32: รายได้-รับเหมาสายใน | G32: CRTD | H32: WACT | I32: 0 | J32: -2738.32 | K32: 2738.32
A33: 300001047620 | B33: 6962 | C33: S/62.69.00117.02 | D33: 300001047620 | E33: 4120500010 | F33: รายได้-รับเหมาสายใน | G33: CRTD | H33: WACT | I33: 0 | J33: -1476.64 | K33: 1476.64
A34: 300001047799 | B34: 6962 | C34: S/62.69.00135.02 | D34: 300001047799 | E34: 4120500010 | F34: รายได้-รับเหมาสายใน | G34: CRTD | H34: WACT | I34: 0 | J34: -1158.88 | K34: 1158.88
A35: 300001045008 | B35: 6962 | C35: S/62.69.00127.02 | D35: 300001045008 | E35: 4120500010 | F35: รายได้-รับเหมาสายใน | G35: CRTD | H35: WACT | I35: 0 | J35: -2803.74 | K35: 2803.74
A36: 300001681006 | B36: 6962 | C36: S/62.69.00158.02 | D36: 300001681006 | E36: 4120500010 | F36: รายได้-รับเหมาสายใน | G36: CRTD | H36: WACT | I36: 0 | J36: -48063.6 | K36: 48063.6
A37: 300001045009 | B37: 6962 | C37: S/62.69.00116.02 | D37: 300001045009 | E37: 4120500010 | F37: รายได้-รับเหมาสายใน | G37: CRTD | H37: WACT | I37: 0 | J37: -6850.47 | K37: 6850.47
A38: 320000119715 | B38: 6962 | C38: S/62.69.00205.02 | D38: 320000119715 | E38: 4120500010 | F38: รายได้-รับเหมาสายใน | G38: TECO | H38: ACCO | I38: -9467.29 | J38: -9467.29 | K38: 0 | M38: 44504
A39: 320000121329 | B39: 6963 | C39: S/63.69.00015.02 | D39: 320000121329 | E39: 4120500010 | F39: รายได้-รับเหมาสายใน | G39: TECO | H39: ACCO | I39: -5351.65 | J39: -5328.39 | K39: -23.26 | M39: 44439
A40: 300001704509 | B40: 6962 | C40: S/62.69.00197.02 | D40: 300001704509 | E40: 4120500010 | F40: รายได้-รับเหมาสายใน | G40: CRTD | H40: WACT | I40: 0 | J40: -10650.59 | K40: 10650.59
A41: 300001407206 | B41: 6962 | C41: S/62.69.00151.02 | D41: 300001407206 | E41: 4120500010 | F41: รายได้-รับเหมาสายใน | G41: CRTD | H41: WACT | I41: 0 | J41: -20274.77 | K41: 20274.77
A42: 300001630939 | B42: 6963 | C42: S/63.69.00004.02 | D42: 300001630939 | E42: 4120500010 | F42: รายได้-รับเหมาสายใน | G42: CRTD | H42: WACT | I42: 0 | J42: -140256.96 | K42: 140256.96
A43: 300001704573 | B43: 6962 | C43: S/62.69.00201.02 | D43: 300001704573 | E43: 4120500010 | F43: รายได้-รับเหมาสายใน | G43: CRTD | H43: WACT | I43: 0 | J43: -6148.45 | K43: 6148.45
A44: 300001047946 | B44: 6962 | C44: S/62.69.00124.02 | D44: 300001047946 | E44: 4120500010 | F44: รายได้-รับเหมาสายใน | G44: CRTD | H44: WACT | I44: 0 | J44: -1158.88 | K44: 1158.88
A45: 300001047861 | B45: 6962 | C45: S/62.69.00122.02 | D45: 300001047861 | E45: 4120500010 | F45: รายได้-รับเหมาสายใน | G45: CRTD | H45: WACT | I45: 0 | J45: -1158.88 | K45: 1158.88
A46: 300001047859 | B46: 6962 | C46: S/62.69.00129.02 | D46: 300001047859 | E46: 4120500010 | F46: รายได้-รับเหมาสายใน | G46: CRTD | H46: WACT | I46: 0 | J46: -2130.84 | K46: 2130.84
A47: 300001047945 | B47: 6962 | C47: S/62.69.00126.02 | D47: 300001047945 | E47: 4120500010 | F47: รายได้-รับเหมาสายใน | G47: CRTD | H47: WACT | I47: 0 | J47: -2271.03 | K47: 2271.03
A48: 300001704575 | B48: 6962 | C48: S/62.69.00204.02 | D48: 300001704575 | E48: 4120500010 | F48: รายได้-รับเหมาสายใน | G48: CRTD | H48: WACT | I48: 0 | J48: -7036.79 | K48: 7036.79
A49: 320000069587 | B49: 6960 | C49: S/60.69.00009.02 | D49: 320000069587 | E49: 4120500010 | F49: รายได้-รับเหมาสายใน | G49: TECO | H49: ACCO | I49: -29510.21 | J49: -29510.21 | K49: 0 | M49: 44301
A50: 300001720857 | B50: 6963 | C50: S/63.69.00003.02 | D50: 300001720857 | E50: 4120500010 | F50: รายได้-รับเหมาสายใน | G50: CRTD | H50: WACT | I50: 0 | J50: -3500.52 | K50: 3500.52
A51: 300001704508 | B51: 6962 | C51: S/62.69.00210.02 | D51: 300001704508 | E51: 4120500010 | F51: รายได้-รับเหมาสายใน | G51: CRTD | H51: WACT | I51: 0 | J51: -861.5 | K51: 861.5
A52: 300001729023 | B52: 6963 | C52: S/63.69.00013.02 | D52: 300001729023 | E52: 4120500010 | F52: รายได้-รับเหมาสายใน | G52: CRTD | H52: WACT | I52: 0 | J52: -14906.54 | K52: 14906.54
A53: 300001704511 | B53: 6962 | C53: S/62.69.00211.02 | D53: 300001704511 | E53: 4120500010 | F53: รายได้-รับเหมาสายใน | G53: CRTD | H53: WACT | I53: 0 | J53: -12468.69 | K53: 12468.69
A54: 300001704576 | B54: 6962 | C54: S/62.69.00195.02 | D54: 300001704576 | E54: 4120500010 | F54: รายได้-รับเหมาสายใน | G54: CRTD | H54: WACT | I54: 0 | J54: -3552.48 | K54: 3552.48
A55: 300001681006 | B55: 6962 | C55: S/62.69.00159.02 | D55: 300001681006 | E55: 4120500010 | F55: รายได้-รับเหมาสายใน | G55: CRTD | H55: WACT | I55: 0 | J55: -27689.67 | K55: 27689.67
A56: 300001704510 | B56: 6962 | C56: S/62.69.00213.02 | D56: 300001704510 | E56: 4120500010 | F56: รายได้-รับเหมาสายใน | G56: CRTD | H56: WACT | I56: 0 | J56: -12468.69 | K56: 12468.69
A57: 300001720857 | B57: 6963 | C57: S/63.69.00002.02 | D57: 300001720857 | E57: 4120500010 | F57: รายได้-รับเหมาสายใน | G57: CRTD | H57: WACT | I57: 0 | J57: -6097.61 | K57: 6097.61
A58: 300001704579 | B58: 6962 | C58: S/62.69.00221.02 | D58: 300001704579 | E58: 4120500010 | F58: รายได้-รับเหมาสายใน | G58: CRTD | H58: WACT | I58: 0 | J58: -1646.82 | K58: 1646.82
A59: 320000121329 | B59: 6963 | C59: S/63.69.00014.02 | D59: 320000121329 | E59: 4120500010 | F59: รายได้-รับเหมาสายใน | G59: TECO | H59: ACCO | I59: -7022.18 | J59: -7045.44 | K59: 23.26 | M59: 44439
A60: 300001704579 | B60: 6962 | C60: S/62.69.00220.02 | D60: 300001704579 | E60: 4120500010 | F60: รายได้-รับเหมาสายใน | G60: CRTD | H60: WACT | I60: 0 | J60: -4689.63 | K60: 4689.63
A61: 300001704577 | B61: 6962 | C61: S/62.69.00207.02 | D61: 300001704577 | E61: 4120500010 | F61: รายได้-รับเหมาสายใน | G61: CRTD | H61: WACT | I61: 0 | J61: -6237.31 | K61: 6237.31
A62: 300001704509 | B62: 6962 | C62: S/62.69.00196.02 | D62: 300001704509 | E62: 4120500010 | F62: รายได้-รับเหมาสายใน | G62: CRTD | H62: WACT | I62: 0 | J62: -18433.52 | K62: 18433.52
A63: 320000121923 | B63: 6963 | C63: S/63.69.00031.02 | D63: 320000121923 | E63: 4120500010 | F63: รายได้-รับเหมาสายใน | G63: CRTD | H63: WACT | I63: 0 | J63: -5476.79 | K63: 5476.79
A64: 300001630939 | B64: 6963 | C64: S/63.69.00005.02 | D64: 300001630939 | E64: 4120500010 | F64: รายได้-รับเหมาสายใน | G64: CRTD | H64: WACT | I64: 0 | J64: -66004.72 | K64: 66004.72
A65: 320000125657 | B65: 6963 | C65: S/63.69.00111.02 | D65: 320000125657 | E65: 4120500010 | F65: รายได้-รับเหมาสายใน | G65: CLSD | H65: ACCO | I65: -10663.55 | J65: -10663.55 | K65: 0 | M65: 44286
A66: 300001704576 | B66: 6962 | C66: S/62.69.00194.02 | D66: 300001704576 | E66: 4120500010 | F66: รายได้-รับเหมาสายใน | G66: CRTD | H66: WACT | I66: 0 | J66: -6148.45 | K66: 6148.45
A67: 300001704573 | B67: 6962 | C67: S/62.69.00202.02 | D67: 300001704573 | E67: 4120500010 | F67: รายได้-รับเหมาสายใน | G67: CRTD | H67: WACT | I67: 0 | J67: -3552.48 | K67: 3552.48
A68: 320000119715 | B68: 6962 | C68: S/62.69.00218.02 | D68: 320000119715 | E68: 4120500010 | F68: รายได้-รับเหมาสายใน | G68: TECO | H68: ACCO | I68: -6541.34 | J68: -6541.34 | K68: 0 | M68: 44504
A69: 320000069587 | B69: 6960 | C69: S/60.69.00011.02 | D69: 320000069587 | E69: 4120500010 | F69: รายได้-รับเหมาสายใน | G69: TECO | H69: ACCO | I69: -16099.93 | J69: -16099.93 | K69: 0 | M69: 44301
A70: 300001704511 | B70: 6962 | C70: S/62.69.00212.02 | D70: 300001704511 | E70: 4120500010 | F70: รายได้-รับเหมาสายใน | G70: CRTD | H70: WACT | I70: 0 | J70: -7204.21 | K70: 7204.21
A71: 300001704575 | B71: 6962 | C71: S/62.69.00203.02 | D71: 300001704575 | E71: 4120500010 | F71: รายได้-รับเหมาสายใน | G71: CRTD | H71: WACT | I71: 0 | J71: -11841.71 | K71: 11841.71
A72: 300001704578 | B72: 6962 | C72: S/62.69.00215.02 | D72: 300001704578 | E72: 4120500010 | F72: รายได้-รับเหมาสายใน | G72: CRTD | H72: WACT | I72: 0 | J72: -6237.31 | K72: 6237.31
A73: 300001704508 | B73: 6962 | C73: S/62.69.00209.02 | D73: 300001704508 | E73: 4120500010 | F73: รายได้-รับเหมาสายใน | G73: CRTD | H73: WACT | I73: 0 | J73: -2409.53 | K73: 2409.53
A74: 300001704510 | B74: 6962 | C74: S/62.69.00214.02 | D74: 300001704510 | E74: 4120500010 | F74: รายได้-รับเหมาสายใน | G74: CRTD | H74: WACT | I74: 0 | J74: -7204.21 | K74: 7204.21
A75: 320000121923 | B75: 6963 | C75: S/63.69.00032.02 | D75: 320000121923 | E75: 4120500010 | F75: รายได้-รับเหมาสายใน | G75: CRTD | H75: WACT | I75: 0 | J75: -3428.43 | K75: 3428.43
A76: 320000121923 | B76: 6963 | C76: S/63.69.00033.02 | D76: 320000121923 | E76: 4120500010 | F76: รายได้-รับเหมาสายใน | G76: CRTD | H76: WACT | I76: 0 | J76: -6094.78 | K76: 6094.78
A77: 320000123895 | B77: 6963 | C77: S/63.69.00045.02 | D77: 320000123895 | E77: 4120500010 | F77: รายได้-รับเหมาสายใน | G77: CRTD | H77: WACT | I77: 0 | J77: -1297.49 | K77: 1297.49
A78: 320000123895 | B78: 6963 | C78: S/63.69.00046.02 | D78: 320000123895 | E78: 4120500010 | F78: รายได้-รับเหมาสายใน | G78: CRTD | H78: WACT | I78: 0 | J78: -6208.92 | K78: 6208.92
A79: 320000122907 | B79: 6963 | C79: S/63.69.00036.02 | D79: 320000122907 | E79: 4120500010 | F79: รายได้-รับเหมาสายใน | G79: TECO | H79: ACCO | I79: -2165.49 | J79: -2165.49 | K79: 0 | M79: 44525
A80: 320000125593 | B80: 6963 | C80: S/63.69.00095.02 | D80: 320000125593 | E80: 4120500010 | F80: รายได้-รับเหมาสายใน | G80: TECO | H80: ACCO | I80: -5737.21 | J80: -5737.21 | K80: 0 | M80: 44301
A81: 320000122907 | B81: 6963 | C81: S/63.69.00037.02 | D81: 320000122907 | E81: 4120500010 | F81: รายได้-รับเหมาสายใน | G81: TECO | H81: ACCO | I81: -6715.77 | J81: -6715.78 | K81: 0.01 | M81: 44525
A82: 300001777698 | B82: 6963 | C82: S/63.69.00063.02 | D82: 300001777698 | E82: 4120500010 | F82: รายได้-รับเหมาสายใน | G82: CRTD | H82: WACT | I82: 0 | J82: -6579.44 | K82: 6579.44
A83: 300001761776 | B83: 6963 | C83: S/63.69.00085.02 | D83: 300001761776 | E83: 4120500010 | F83: รายได้-รับเหมาสายใน | G83: CLSD | H83: ACCO | I83: -67508.47 | J83: -67508.47 | K83: 0 | M83: 44340
A84: 320000124202 | B84: 6963 | C84: S/63.69.00062.02 | D84: 320000124202 | E84: 4120500010 | F84: รายได้-รับเหมาสายใน | G84: CLSD | H84: ACCO | I84: -7519.52 | J84: -7519.52 | K84: 0 | M84: 44383
A85: 320000125593 | B85: 6963 | C85: S/63.69.00094.02 | D85: 320000125593 | E85: 4120500010 | F85: รายได้-รับเหมาสายใน | G85: TECO | H85: ACCO | I85: -3019.8 | J85: -3019.8 | K85: 0 | M85: 44301
A86: 320000125012 | B86: 6963 | C86: S/63.69.00071.02 | D86: 320000125012 | E86: 4120500010 | F86: รายได้-รับเหมาสายใน | G86: TECO | H86: ACCO | I86: -2982.01 | J86: -2982.01 | K86: 0 | M86: 44525
A87: 320000124202 | B87: 6963 | C87: S/63.69.00061.02 | D87: 320000124202 | E87: 4120500010 | F87: รายได้-รับเหมาสายใน | G87: CLSD | H87: ACCO | I87: -17125.34 | J87: -17125.34 | K87: 0 | M87: 44383
A88: 300001804545 | B88: 6963 | C88: S/63.69.00099.02 | D88: 300001804545 | E88: 4120500010 | F88: รายได้-รับเหมาสายใน | G88: CRTD | H88: WACT | I88: 0 | J88: -9642.99 | K88: 9642.99
A89: 320000127287 | B89: 6963 | C89: S/63.69.00132.02 | D89: 320000127287 | E89: 4120500010 | F89: รายได้-รับเหมาสายใน | G89: CRTD | H89: WACT | I89: 0 | J89: -533.83 | K89: 533.83
A90: 300001650949 | B90: 6963 | C90: S/63.69.00096.02 | D90: 300001650949 | E90: 4120500010 | F90: รายได้-รับเหมาสายใน | G90: CRTD | H90: WACT | I90: 0 | J90: -9990.65 | K90: 9990.65
A91: 320000119715 | B91: 6962 | C91: S/62.69.00217.02 | D91: 320000119715 | E91: 4120500010 | F91: รายได้-รับเหมาสายใน | G91: TECO | H91: ACCO | I91: -11739.03 | J91: -11739.03 | K91: 0 | M91: 44504
A92: 300001834525 | B92: 6963 | C92: S/63.69.00145.02 | D92: 300001834525 | E92: 4120500010 | F92: รายได้-รับเหมาสายใน | G92: CRTD | H92: WACT | I92: 0 | J92: -18771.15 | K92: 18771.15
A93: 320000125012 | B93: 6963 | C93: S/63.69.00073.02 | D93: 320000125012 | E93: 4120500010 | F93: รายได้-รับเหมาสายใน | G93: TECO | H93: ACCO | I93: -1510.36 | J93: -1510.36 | K93: 0 | M93: 44525
A94: 320000125012 | B94: 6963 | C94: S/63.69.00072.02 | D94: 320000125012 | E94: 4120500010 | F94: รายได้-รับเหมาสายใน | G94: TECO | H94: ACCO | I94: -7376.79 | J94: -7376.79 | K94: 0 | M94: 44525
A95: 300001771907 | B95: 6964 | C95: S/64.69.00026.02 | D95: 300001771907 | E95: 4120500010 | F95: รายได้-รับเหมาสายใน | G95: CLSD | H95: ACCO | I95: -45171.66 | J95: -45171.66 | K95: 0 | M95: 44371
A96: 320000127294 | B96: 6963 | C96: S/63.69.00113.05 | D96: 320000127294 | E96: 4120500010 | F96: รายได้-รับเหมาสายใน | G96: CLSD | H96: ACCO | I96: -12777.05 | J96: -12777.05 | K96: 0 | M96: 44538
A97: 320000122907 | B97: 6963 | C97: S/63.69.00035.02 | D97: 320000122907 | E97: 4120500010 | F97: รายได้-รับเหมาสายใน | G97: TECO | H97: ACCO | I97: -6352.38 | J97: -6352.37 | K97: -0.01 | M97: 44525
A98: 300001822986 | B98: 6963 | C98: S/63.69.00126.02 | D98: 300001822986 | E98: 4120500010 | F98: รายได้-รับเหมาสายใน | G98: CRTD | H98: WACT | I98: 0 | J98: -7372.05 | K98: 7372.05
A99: 320000127287 | B99: 6963 | C99: S/63.69.00131.02 | D99: 320000127287 | E99: 4120500010 | F99: รายได้-รับเหมาสายใน | G99: CRTD | H99: WACT | I99: 0 | J99: -540.94 | K99: 540.94
A100: 320000118997 | B100: 6962 | C100: S/62.69.00175.02 | D100: 320000118997 | E100: 4120500010 | F100: รายได้-รับเหมาสายใน | G100: TECO | H100: WCLS | I100: -3468.01 | J100: -3468.01 | K100: 0 | M100: 44504
...

Sheet Sheet2
A1: Row Labels | B1: Sum of ยอดเงินที่บันทึก | C1: *-1 | D1: ZPSR049 | E1: Diff | F1: Status | G1: User Status | H1: TECO Date
A2: S/35.67.00002.01 | B2: 6742.32 | C2: -6742.32 | D2: -6742.32 | E2: 0 | F2: REL | G2: WACT | H2: 0
A3: S/35.67.00003.01 | B3: 1930.58 | C3: -1930.58 | D3: -1930.58 | E3: 0 | F3: REL | G3: WACT | H3: 0
A4: S/58.56.00635.05 | B4: 9579.44 | C4: -9579.44 | D4: -9579.44 | E4: 0 | F4: CLSD | G4: ACCO | H4: 44288
A5: S/60.56.00261.02 | B5: 91951.48 | C5: -91951.48 | D5: -91951.48 | E5: 0 | F5: TECO | G5: ACCO | H5: 44439
A6: S/60.56.00262.02 | B6: 23570.56 | C6: -23570.56 | D6: -23570.56 | E6: 0 | F6: TECO | G6: ACCO | H6: 44439
A7: S/60.56.00263.02 | B7: 37455.76 | C7: -37455.76 | D7: -37455.76 | E7: 0 | F7: TECO | G7: ACCO | H7: 44439
A8: S/60.56.00266.02 | B8: 33201.04 | C8: -33201.04 | D8: -33201.04 | E8: 0 | F8: TECO | G8: ACCO | H8: 44439
A9: S/60.56.00267.02 | B9: 63689.66 | C9: -63689.66 | D9: -63689.66 | E9: 0 | F9: TECO | G9: ACCO | H9: 44439
A10: S/60.56.00268.02 | B10: 21477.3 | C10: -21477.3 | D10: -21477.3 | E10: 0 | F10: TECO | G10: ACCO | H10: 44439
A11: S/60.60.00279.05 | B11: 261.68 | C11: -261.68 | D11: -261.68 | E11: 0 | F11: CRTD | G11: WACT | H11: 0
A12: S/60.66.00338.02 | B12: 18627.04 | C12: -18627.04 | D12: -18627.04 | E12: 0 | F12: CRTD | G12: WACT | H12: 0
A13: S/60.66.00339.02 | B13: 3055.2 | C13: -3055.2 | D13: -3055.2 | E13: 0 | F13: CRTD | G13: WACT | H13: 0
... A122: S/61.56.00347.05 | B122: 12467.29 | C122: -12467.29 | D122: -12467.29 | E122: 0 | F122: CRTD | G122: WACT | H122: 0
A123: S/61.56.00348.05 | B123: 0 | C123: 0 | D123: #N/A | E123: #N/A | F123: #N/A | G123: #N/A | H123: #N/A
A124: S/61.56.00350.02 | B124: 1044.04 | C124: -1044.04 | D124: -1044.04 | E124: 0 | F124: CRTD | G124: WACT | H124: 0
A125: S/61.56.00351.02 | B125: 5656.89 | C125: -5656.89 | D125: -5656.89 | E125: 0 | F125: CRTD | G125: WACT | H125: 0
A126: S/61.56.00361.05 | B126: 1177.57 | C126: -1177.57 | D126: -1177.57 | E126: 0 | F126: CRTD | G126: WACT | H126: 0
A127: S/61.56.00367.05 | B127: 77351.06 | C127: -77351.06 | D127: -77351.06 | E127: 0 | F127: CRTD | G127: WACT | H127: 0
A128: S/61.56.00368.05 | B128: 20162.96 | C128: -20162.96 | D128: -20162.96 | E128: 0 | F128: CRTD | G128: WACT | H128: 0
A129: S/61.56.00369.05 | B129: 78343.62 | C129: -78343.62 | D129: -78343.62 | E129: 0 | F129: CRTD | G129: WACT | H129: 0
A130: S/61.56.00370.05 | B130: 21189.09 | C130: -21189.09 | D130: -21189.09 | E130: 0 | F130: CRTD | G130: WACT | H130: 0
A131: S/61.56.00371.05 | B131: 25059.33 | C131: -25059.33 | D131: -25059.33 | E131: 0 | F131: CRTD | G131: WACT | H131: 0
A132: S/61.56.00372.05 | B132: 7277.12 | C132: -7277.12 | D132: -7277.12 | E132: 0 | F132: CRTD | G132: WACT | H132: 0
A133: S/61.56.00376.05 | B133: 6532.71 | C133: -6532.71 | D133: -6532.71 | E133: 0 | F133: CLSD | G133: ACCO | H133: 44288
A134: S/61.56.00377.05 | B134: 6532.71 | C134: -6532.71 | D134: -6532.71 | E134: 0 | F134: CRTD | G134: WACT | H134: 0
A135: S/61.56.00380.05 | B135: 68962.92 | C135: -68962.92 | D135: -68962.92 | E135: 0 | F135: CRTD | G135: WACT | H135: 0
... A341: S/61.58.00452.02 | B341: 277.07 | C341: -277.07 | D341: -277.07 | E341: 0 | F341: CRTD | G341: WACT | H341: 0
A342: S/61.59.00467.02 | B342: 0 | C342: 0 | D342: #N/A | E342: #N/A | F342: #N/A | G342: #N/A | H342: #N/A
A343: S/61.60.00006.05 | B343: 261.68 | C343: -261.68 | D343: -261.68 | E343: 0 | F343: CRTD | G343: WACT | H343: 0
A344: S/61.60.00007.01 | B344: 5925.23 | C344: -5925.23 | D344: -5925.23 | E344: 0 | F344: CRTD | G344: WACT | H344: 0
A345: S/61.60.00018.01 | B345: 6336.45 | C345: -6336.45 | D345: -6336.45 | E345: 0 | F345: CRTD | G345: WACT | H345: 0
A346: S/61.60.00019.02 | B346: 48317.76 | C346: -48317.76 | D346: -48317.76 | E346: 0 | F346: CRTD | G346: WACT | H346: 0
A347: S/61.60.00028.02 | B347: 8532.71 | C347: -8532.71 | D347: -8532.71 | E347: 0 | F347: CRTD | G347: WACT | H347: 0
A348: S/61.60.00030.02 | B348: 119532.71 | C348: -119532.71 | D348: -119532.71 | E348: 0 | F348: CRTD | G348: WACT | H348: 0
A349: S/61.60.00033.02 | B349: 12664.39 | C349: -12664.39 | D349: -12664.39 | E349: 0 | F349: CRTD | G349: WACT | H349: 0
A350: S/61.60.00048.02 | B350: 6336.45 | C350: -6336.45 | D350: -6336.45 | E350: 0 | F350: CRTD | G350: WACT | H350: 0
A351: S/61.60.00057.05 | B351: 225364.49 | C351: -225364.49 | D351: -225364.49 | E351: 0 | F351: CRTD | G351: WACT | H351: 0
A352: S/61.60.00080.02 | B352: 12797.86 | C352: -12797.86 | D352: -12797.86 | E352: 0 | F352: CRTD | G352: WACT | H352: 0
A353: S/61.60.00092.02 | B353: 62570.09 | C353: -62570.09 | D353: -62570.09 | E353: 0 | F353: CRTD | G353: WACT | H353: 0
A354: S/61.60.00094.02 | B354: 4518.69 | C354: -4518.69 | D354: -4518.69 | E354: 0 | F354: CRTD | G354: WACT | H354: 0
... A526: S/61.69.00070.05 | B526: 107850.47 | C526: -107850.47 | D526: -107850.47 | E526: 0 | F526: CRTD | G526: WACT | H526: 0
A527: S/61.69.00071.05 | B527: 0 | C527: 0 | D527: #N/A | E527: #N/A | F527: #N/A | G527: #N/A | H527: #N/A
A528: S/61.69.00074.05 | B528: 132605.87 | C528: -132605.87 | D528: -132605.87 | E528: 0 | F528: CRTD | G528: WACT | H528: 0
A529: S/61.69.00075.05 | B529: 169431.51 | C529: -169431.51 | D529: -169431.51 | E529: 0 | F529: CRTD | G529: WACT | H529: 0
A530: S/61.69.00119.02 | B530: 2233.64 | C530: -2233.64 | D530: -2233.64 | E530: 0 | F530: CRTD | G530: WACT | H530: 0
A531: S/61.69.00135.02 | B531: 2299.07 | C531: -2299.07 | D531: -2299.07 | E531: 0 | F531: CRTD | G531: WACT | H531: 0
A532: S/61.69.00136.02 | B532: 5355.14 | C532: -5355.14 | D532: -5355.14 | E532: 0 | F532: CRTD | G532: WACT | H532: 0
A533: S/61.69.00139.02 | B533: 1168.22 | C533: -1168.22 | D533: -1168.22 | E533: 0 | F533: CRTD | G533: WACT | H533: 0
A534: S/61.69.00140.02 | B534: 2392.52 | C534: -2392.52 | D534: -2392.52 | E534: 0 | F534: CRTD | G534: WACT | H534: 0
A535: S/61.70.00003.02 | B535: 36738.32 | C535: -36738.32 | D535: -36738.32 | E535: 0 | F535: CRTD | G535: WACT | H535: 0
A536: S/61.70.00004.02 | B536: 380103.9 | C536: -380103.9 | D536: -380103.9 | E536: 0 | F536: CRTD | G536: WACT | H536: 0
A537: S/61.70.00005.02 | B537: 115036.29 | C537: -115036.29 | D537: -115036.29 | E537: 0 | F537: CRTD | G537: WACT | H537: 0
A538: S/61.70.00033.01 | B538: 826.12 | C538: -826.12 | D538: -826.12 | E538: 0 | F538: CRTD | G538: WACT | H538: 0
A539: S/61.70.00034.01 | B539: 11893.51 | C539: -11893.51 | D539: -11893.51 | E539: 0 | F539: CRTD | G539: WACT | H539: 0
... A720: S/61.80.00328.01 | B720: 62990.65 | C720: -62990.65 | D720: -62990.65 | E720: 0 | F720: CRTD | G720: WACT | H720: 0
A721: S/61.80.00337.02 | B721: 0 | C721: 0 | D721: #N/A | E721: #N/A | F721: #N/A | G721: #N/A | H721: #N/A
A722: S/61.80.00338.02 | B722: 0 | C722: 0 | D722: #N/A | E722: #N/A | F722: #N/A | G722: #N/A | H722: #N/A
A723: S/61.80.00344.02 | B723: 5970.73 | C723: -5970.73 | D723: -5970.73 | E723: 0 | F723: CRTD | G723: WACT | H723: 0
A724: S/61.80.00345.02 | B724: 1057.74 | C724: -1057.74 | D724: -1057.74 | E724: 0 | F724: CRTD | G724: WACT | H724: 0
A725: S/61.80.00346.02 | B725: 2924.8 | C725: -2924.8 | D725: -2924.8 | E725: 0 | F725: CRTD | G725: WACT | H725: 0
A726: S/61.80.00372.01 | B726: 37242.99 | C726: -37242.99 | D726: -37242.99 | E726: 0 | F726: CRTD | G726: WACT | H726: 0
A727: S/61.80.00379.05 | B727: 16962.62 | C727: -16962.62 | D727: -16962.62 | E727: 0 | F727: CRTD | G727: WACT | H727: 0
A728: S/61.80.00383.02 | B728: 19831.78 | C728: -19831.78 | D728: -19831.78 | E728: 0 | F728: CRTD | G728: WACT | H728: 0
A729: S/61.80.00385.01 | B729: 94411.22 | C729: -94411.22 | D729: -94411.22 | E729: 0 | F729: CRTD | G729: WACT | H729: 0
A730: S/61.80.00390.02 | B730: 6859.81 | C730: -6859.81 | D730: -6859.81 | E730: 0 | F730: CRTD | G730: WACT | H730: 0
A731: S/61.80.00395.02 | B731: 18383.18 | C731: -18383.18 | D731: -18383.18 | E731: 0 | F731: CRTD | G731: WACT | H731: 0
A732: S/61.80.00396.02 | B732: 6439.25 | C732: -6439.25 | D732: -6439.25 | E732: 0 | F732: CRTD | G732: WACT | H732: 0
A733: S/61.80.00397.02 | B733: 19626.17 | C733: -19626.17 | D733: -19626.17 | E733: 0 | F733: CRTD | G733: WACT | H733: 0
A734: S/61.80.00402.01 | B734: 256542.06 | C734: -256542.06 | D734: -256542.06 | E734: 0 | F734: CRTD | G734: WACT | H734: 0
... A1047: S/62.58.00336.02 | B1047: 5895.38 | C1047: -5895.38 | D1047: -5895.38 | E1047: 0 | F1047: CRTD | G1047: WACT | H1047: 0
A1048: S/62.58.00339.02 | B1048: 0 | C1048: 0 | D1048: #N/A | E1048: #N/A | F1048: #N/A | G1048: #N/A | H1048: #N/A
A1049: S/62.58.00340.02 | B1049: 9205.61 | C1049: -9205.61 | D1049: -9205.61 | E1049: 0 | F1049: CRTD | G1049: WACT | H1049: 0
A1050: S/62.58.00342.02 | B1050: 6299.07 | C1050: -6299.07 | D1050: -6299.07 | E1050: 0 | F1050: CRTD | G1050: WACT | H1050: 0
A1051: S/62.58.00348.02 | B1051: 327.1 | C1051: -327.1 | D1051: -327.1 | E1051: 0 | F1051: CRTD | G1051: WACT | H1051: 0
A1052: S/62.58.00458.02 | B1052: 8911.47 | C1052: -8911.47 | D1052: -8911.47 | E1052: 0 | F1052: CRTD | G1052: WACT | H1052: 0
A1053: S/62.58.00535.02 | B1053: 560.84 | C1053: -560.84 | D1053: -560.84 | E1053: 0 | F1053: CRTD | G1053: WACT | H1053: 0
A1054: S/62.58.00536.02 | B1054: 333.6 | C1054: -333.6 | D1054: -333.6 | E1054: 0 | F1054: CRTD | G1054: WACT | H1054: 0
A1055: S/62.58.00537.02 | B1055: 7853.22 | C1055: -7853.22 | D1055: -7853.22 | E1055: 0 | F1055: CRTD | G1055: WACT | H1055: 0
A1056: S/62.58.00584.02 | B1056: 5662.52 | C1056: -5662.52 | D1056: -5662.52 | E1056: 0 | F1056: CRTD | G1056: WACT | H1056: 0
A1057: S/62.58.00585.02 | B1057: 5989.62 | C1057: -5989.62 | D1057: -5989.62 | E1057: 0 | F1057: CLSD | G1057: ACCO | H1057: 44467
A1058: S/62.58.00591.02 | B1058: 28858.31 | C1058: -28858.31 | D1058: -28858.31 | E1058: 0 | F1058: CLSD | G1058: ACCO | H1058: 44476
A1059: S/62.58.00623.02 | B1059: 3101.8 | C1059: -3101.8 | D1059: -3101.8 | E1059: 0 | F1059: CLSD | G1059: ACCO | H1059: 44436
A1060: S/62.58.00624.02 | B1060: 10797.03 | C1060: -10797.03 | D1060: -10797.03 | E1060: 0 | F1060: CLSD | G1060: ACCO | H1060: 44436
... A1367: S/62.68.00237.01 | B1367: 272859.81 | C1367: -272859.81 | D1367: -272859.81 | E1367: 0 | F1367: CLSD | G1367: ACCO | H1367: 44509
A1368: S/62.68.00240.01 | B1368: 0 | C1368: 0 | D1368: #N/A | E1368: #N/A | F1368: #N/A | G1368: #N/A | H1368: #N/A
A1369: S/62.68.00241.01 | B1369: 858990.65 | C1369: -858990.65 | D1369: -858990.65 | E1369: 0 | F1369: CLSD | G1369: ACCO | H1369: 44372
A1370: S/62.68.00242.01 | B1370: 7224.3 | C1370: -7224.3 | D1370: -7224.3 | E1370: 0 | F1370: CRTD | G1370: WACT | H1370: 0
A1371: S/62.68.00247.01 | B1371: 714158.88 | C1371: -714158.88 | D1371: -714158.88 | E1371: 0 | F1371: CLSD | G1371: ACCO | H1371: 44288
A1372: S/62.68.00281.05 | B1372: 0 | C1372: 0 | D1372: #N/A | E1372: #N/A | F1372: #N/A | G1372: #N/A | H1372: #N/A
A1373: S/62.68.00282.05 | B1373: 0 | C1373: 0 | D1373: #N/A | E1373: #N/A | F1373: #N/A | G1373: #N/A | H1373: #N/A
A1374: S/62.68.00283.05 | B1374: 0 | C1374: 0 | D1374: #N/A | E1374: #N/A | F1374: #N/A | G1374: #N/A | H1374: #N/A
A1375: S/62.68.00302.02 | B1375: 1977.74 | C1375: -1977.74 | D1375: -1977.74 | E1375: 0 | F1375: CRTD | G1375: WACT | H1375: 0
A1376: S/62.68.00303.02 | B1376: 6470.38 | C1376: -6470.38 | D1376: -6470.38 | E1376: 0 | F1376: CRTD | G1376: WACT | H1376: 0
A1377: S/62.68.00304.02 | B1377: 813.56 | C1377: -813.56 | D1377: -813.56 | E1377: 0 | F1377: CRTD | G1377: WACT | H1377: 0
A1378: S/62.68.00318.02 | B1378: 6710.28 | C1378: -6710.28 | D1378: -6710.28 | E1378: 0 | F1378: CRTD | G1378: WACT | H1378: 0
A1379: S/62.68.00327.01 | B1379: 46056.07 | C1379: -46056.07 | D1379: -46056.07 | E1379: 0 | F1379: CLSD | G1379: ACCO | H1379: 44372
A1380: S/62.68.00328.02 | B1380: 5161.83 | C1380: -5161.83 | D1380: -5161.83 | E1380: 0 | F1380: CRTD | G1380: WACT | H1380: 0
A1381: S/62.68.00329.02 | B1381: 6004.08 | C1381: -6004.08 | D1381: -6004.08 | E1381: 0 | F1381: CRTD | G1381: WACT | H1381: 0
A1382: S/62.68.00330.02 | B1382: 6273.34 | C1382: -6273.34 | D1382: -6273.34 | E1382: 0 | F1382: CRTD | G1382: WACT | H1382: 0
...

Sheet Sheet3
A1: Row Labels | B1: noti | C1: Sum of ยอดเงินที่บันทึก | D1: *-1 | E1: ZPSR049 | F1: Diff | G1: Status | H1: User Status | I1: TECO Date
A2: S/62.75.00366.02 | B2: =VLOOKUP(A2,Sheet1!C:D,2,0) -> 300001590128 | C2: 43738.32 | D2: -43738.32 | E2: -161775.7 | F2: 118037.38 | G2: CLSD | H2: ACCO | I2: 44496 | J2: =E2=F2 -> FALSE | K2: แก้เป็น case by case ไป
A3: S/63.29.00022.05 | B3: =VLOOKUP(A3,Sheet1!C:D,2,0) -> 500000004683 | C3: 37872.56 | D3: -37872.56 | E3: -28175.72 | F3: -9696.84 | G3: REL | H3: WACT | I3: 0 | J3: =E3=F3 -> FALSE
A4: S/63.29.00026.05 | B4: =VLOOKUP(A4,Sheet1!C:D,2,0) -> 500000004683 | C4: 21641.46 | D4: -21641.46 | E4: -16100.41 | F4: -5541.05 | G4: CRTD | H4: WACT | I4: 0 | J4: =E4=F4 -> FALSE
A5: S/63.29.00027.05 | B5: =VLOOKUP(A5,Sheet1!C:D,2,0) -> 500000004684 | C5: 243705.97 | D5: -243705.97 | E5: 0 | F5: -243705.97 | G5: CRTD | H5: WACT | I5: 0 | J5: =E5=F5 -> FALSE
A6: S/63.58.00502.02 | B6: =VLOOKUP(A6,Sheet1!C:D,2,0) -> 320000129914 | C6: -327.1 | D6: 327.1 | E6: -327.1 | F6: 654.2 | G6: CLSD | H6: ACCO | I6: 44467 | J6: =E6=F6 -> FALSE
A7: S/63.66.00255.05 | B7: =VLOOKUP(A7,Sheet1!C:D,2,0) -> 320000129202 | C7: 24196.26 | D7: -24196.26 | E7: -12098.13 | F7: -12098.13 | G7: CRTD | H7: WACT | I7: 0 | J7: =E7=F7 -> TRUE
A8: S/63.67.00174.01 | B8: =VLOOKUP(A8,Sheet1!C:D,2,0) -> 320000127580 | C8: 0 | D8: 0 | E8: -7607.48 | F8: 7607.48 | G8: CLSD | H8: ACCO | I8: 44456 | J8: =E8=F8 -> FALSE
A9: S/63.80.00216.02 | B9: =VLOOKUP(A9,Sheet1!C:D,2,0) -> 320000125986 | C9: -12775.7 | D9: 12775.7 | E9: -12775.7 | F9: 25551.4 | G9: CLSD | H9: ACCO | I9: 44348 | J9: =E9=F9 -> FALSE
A10: S/64.56.00137.05 | B10: =VLOOKUP(A10,Sheet1!C:D,2,0) -> 320000136410 | C10: 20082.4 | D10: -20082.4 | E10: -10045.03 | F10: -10037.37 | G10: CLSD | H10: ACCO | I10: 44505 | J10: =E10=F10 -> FALSE
A11: S/64.56.00138.05 | B11: =VLOOKUP(A11,Sheet1!C:D,2,0) -> 320000136410 | C11: 33412.92 | D11: -33412.92 | E11: -16702.63 | F11: -16710.29 | G11: CLSD | H11: ACCO | I11: 44505 | J11: =E11=F11 -> FALSE
A12: S/64.56.00280.05 | B12: =VLOOKUP(A12,Sheet1!C:D,2,0) -> 320000140771 | C12: 115816.82 | D12: -115816.82 | E12: -115828.42 | F12: 11.6 | G12: CLSD | H12: ACCO | I12: 44616 | J12: =E12=F12 -> FALSE
A13: S/64.56.00281.05 | B13: =VLOOKUP(A13,Sheet1!C:D,2,0) -> 320000140771 | C13: 21248.6 | D13: -21248.6 | E13: -21237 | F13: -11.6 | G13: CLSD | H13: ACCO | I13: 44616 | J13: =E13=F13 -> FALSE
A14: S/64.56.00318.05 | B14: =VLOOKUP(A14,Sheet1!C:D,2,0) -> 300001966079 | C14: 391757.01 | D14: -391757.01 | E14: -783514.02 | F14: 391757.01 | G14: REL | H14: WACT | I14: 0 | J14: =E14=F14 -> FALSE
... A51: S/64.80.00403.02 | B51: =VLOOKUP(A51,Sheet1!C:D,2,0) -> 320000141553 | C51: -359.32 | D51: 359.32 | E51: 0 | F51: 359.32 | G51: CLSD | H51: ACCO | I51: 44567 | J51: =E51=F51 -> FALSE

Sheet Sheet4
A1: Row Labels | C1: Sum of ยอดเงินที่บันทึก | D1: Sum of ยอดเงินที่บันทึก*-1 | E1: ZPSR049 | F1: Diff | G1: Status | H1: User Status | I1: TECO Date
A2: S/35.67.00002.01 | B2: 320000150069 | C2: 6742.32 | D2: -6742.32 | E2: -6742.32 | F2: 0 | G2: REL | H2: WACT
A3: S/35.67.00003.01 | B3: 320000150069 | C3: 1930.58 | D3: -1930.58 | E3: -1930.58 | F3: 0 | G3: REL | H3: WACT
A4: S/58.56.00635.05 | B4: 320000063684 | C4: 9579.44 | D4: -9579.44 | E4: -9579.44 | F4: 0 | G4: CLSD | H4: ACCO | I4: 44288
A5: S/60.56.00261.02 | B5: 320000086780 | C5: 91951.48 | D5: -91951.48 | E5: -91951.48 | F5: 0 | G5: TECO | H5: ACCO | I5: 44439
A6: S/60.56.00262.02 | B6: 320000086780 | C6: 23570.56 | D6: -23570.56 | E6: -23570.56 | F6: 0 | G6: TECO | H6: ACCO | I6: 44439
A7: S/60.56.00263.02 | B7: 320000086780 | C7: 37455.76 | D7: -37455.76 | E7: -37455.76 | F7: 0 | G7: TECO | H7: ACCO | I7: 44439
A8: S/60.56.00266.02 | B8: 320000086780 | C8: 33201.04 | D8: -33201.04 | E8: -33201.04 | F8: 0 | G8: TECO | H8: ACCO | I8: 44439
A9: S/60.56.00267.02 | B9: 320000086780 | C9: 63689.66 | D9: -63689.66 | E9: -63689.66 | F9: 0 | G9: TECO | H9: ACCO | I9: 44439
A10: S/60.56.00268.02 | B10: 320000086780 | C10: 21477.3 | D10: -21477.3 | E10: -21477.3 | F10: 0 | G10: TECO | H10: ACCO | I10: 44439
A11: S/60.60.00279.05 | B11: 300001335498 | C11: 261.68 | D11: -261.68 | E11: -261.68 | F11: 0 | G11: CRTD | H11: WACT
A12: S/60.66.00338.02 | B12: 300001356110 | C12: 18627.04 | D12: -18627.04 | E12: -18627.04 | F12: 0 | G12: CRTD | H12: WACT
A13: S/60.66.00339.02 | B13: 300001356110 | C13: 3055.2 | D13: -3055.2 | E13: -3055.2 | F13: 0 | G13: CRTD | H13: WACT
A14: S/60.66.00340.02 | B14: 300001356494 | C14: 24833.38 | D14: -24833.38 | E14: -24833.38 | F14: 0 | G14: CRTD | H14: WACT
A15: S/60.66.00341.02 | B15: 300001356494 | C15: 4073.16 | D15: -4073.16 | E15: -4073.16 | F15: 0 | G15: CRTD | H15: WACT
A16: S/60.66.00342.02 | B16: 300001356111 | C16: 66136.34 | D16: -66136.34 | E16: -66136.34 | F16: 0 | G16: CRTD | H16: WACT
A17: S/60.66.00343.02 | B17: 300001356111 | C17: 3704.78 | D17: -3704.78 | E17: -3704.78 | F17: 0 | G17: CRTD | H17: WACT
A18: S/60.66.00344.02 | B18: 300001356492 | C18: 93103.1 | D18: -93103.1 | E18: -93103.1 | F18: 0 | G18: CRTD | H18: WACT
A19: S/60.66.00345.02 | B19: 300001356492 | C19: 15270.73 | D19: -15270.73 | E19: -15270.73 | F19: 0 | G19: CRTD | H19: WACT
A20: S/60.66.00346.02 | B20: 300001326183 | C20: 1158.88 | D20: -1158.88 | E20: -1158.88 | F20: 0 | G20: CRTD | H20: WACT
A21: S/60.67.00319.05 | B21: 320000090735 | C21: 78850.47 | D21: -78850.47 | E21: -78850.47 | F21: 0 | G21: REL | H21: WACT
A22: S/60.69.00009.02 | B22: 320000069587 | C22: 29510.21 | D22: -29510.21 | E22: -29510.21 | F22: 0 | G22: TECO | H22: ACCO | I22: 44301
A23: S/60.69.00010.02 | B23: 320000069587 | C23: 2361.82 | D23: -2361.82 | E23: -2361.82 | F23: 0 | G23: TECO | H23: ACCO | I23: 44301
A24: S/60.69.00011.02 | B24: 320000069587 | C24: 16099.93 | D24: -16099.93 | E24: -16099.93 | F24: 0 | G24: TECO | H24: ACCO | I24: 44301
A25: S/60.70.00202.02 | B25: 300001250199 | C25: 66859.81 | D25: -66859.81 | E25: -66859.81 | F25: 0 | G25: CLSD | H25: ACCO | I25: 44287
A26: S/60.79.00163.02 | B26: 300001350950 | C26: 89302.95 | D26: -89302.95 | E26: -89302.95 | F26: 0 | G26: CRTD | H26: WACT
A27: S/60.79.00164.02 | B27: 300001350950 | C27: 70397.98 | D27: -70397.98 | E27: -70397.98 | F27: 0 | G27: CRTD | H27: WACT
A28: S/61.29.00012.05 | B28: 500000003821 | C28: 1003037.4 | D28: -1003037.4 | E28: -1003037.4 | F28: 0 | G28: REL | H28: WACT
A29: S/61.29.00013.05 | B29: 500000003830 | C29: 767392.52 | D29: -767392.52 | E29: -767392.52 | F29: 0 | G29: REL | H29: WACT
A30: S/61.29.00014.05 | B30: 500000003751 | C30: 1300214.4 | D30: -1300214.4 | E30: -1300214.4 | F30: 0 | G30: REL | H30: WACT
A31: S/61.29.00015.05 | B31: 500000003751 | C31: 1225916.4 | D31: -1225916.4 | E31: -1225916.4 | F31: 0 | G31: REL | H31: WACT
A32: S/61.29.00016.05 | B32: 500000003901 | C32: 780186.92 | D32: -780186.92 | E32: -780186.92 | F32: 0 | G32: REL | H32: WACT
A33: S/61.29.00017.05 | B33: 500000003946 | C33: 1604831.8 | D33: -1604831.8 | E33: -1604831.8 | F33: 0 | G33: REL | H33: WACT
A34: S/61.29.00018.05 | B34: 500000003752 | C34: 1687617.9 | D34: -1687617.9 | E34: -1687617.9 | F34: 0 | G34: REL | H34: WACT
A35: S/61.29.00019.05 | B35: 500000003752 | C35: 1592092.4 | D35: -1592092.4 | E35: -1592092.4 | F35: 0 | G35: REL | H35: WACT
A36: S/61.29.00020.05 | B36: 500000003894 | C36: 341775.7 | D36: -341775.7 | E36: -341775.7 | F36: 0 | G36: REL | H36: WACT
A37: S/61.29.00021.05 | B37: 500000003902 | C37: 811969.6 | D37: -811969.6 | E37: -811969.6 | F37: 0 | G37: REL | H37: WACT
A38: S/61.29.00022.05 | B38: 500000003902 | C38: 850179.93 | D38: -850179.93 | E38: -850179.93 | F38: 0 | G38: REL | H38: WACT
A39: S/61.29.00023.25 | B39: 500000004061 | C39: 1218486 | D39: -1218486 | E39: -1218486 | F39: 0 | G39: TECO | H39: WCLS | I39: 44613
A40: S/61.29.00026.05 | B40: 500000003903 | C40: 280280.37 | D40: -280280.37 | E40: -280280.37 | F40: 0 | G40: REL | H40: WACT
A41: S/61.29.00027.05 | B41: 500000004112 | C41: 267476.64 | D41: -267476.64 | E41: -267476.64 | F41: 0 | G41: REL | H41: WACT
A42: S/61.29.00028.05 | B42: 500000004083 | C42: 1634551.4 | D42: -1634551.4 | E42: -1634551.4 | F42: 0 | G42: TECO | H42: WCLS | I42: 44684
A43: S/61.29.00029.05 | B43: 500000004082 | C43: 1144186.9 | D43: -1144186.9 | E43: -1144186.9 | F43: 0 | G43: TECO | H43: WCLS | I43: 44684
A44: S/61.29.00030.05 | B44: 500000004053 | C44: 1560252.3 | D44: -1560252.3 | E44: -1560252.3 | F44: 0 | G44: REL | H44: WACT
A45: S/61.29.00032.05 | B45: 500000004060 | C45: 564665.93 | D45: -564665.93 | E45: -564665.93 | F45: 0 | G45: REL | H45: WACT
A46: S/61.29.00033.05 | B46: 500000004060 | C46: 193175.19 | D46: -193175.19 | E46: -193175.19 | F46: 0 | G46: REL | H46: WACT
A47: S/61.29.00034.05 | B47: 500000004113 | C47: 1069887.9 | D47: -1069887.9 | E47: -1069887.9 | F47: 0 | G47: REL | H47: WACT
A48: S/61.29.00035.05 | B48: 500000004051 | C48: 302504.67 | D48: -302504.67 | E48: -302504.67 | F48: 0 | G48: REL | H48: WACT
A49: S/61.29.00036.05 | B49: 500000004101 | C49: 37149.53 | D49: -37149.53 | E49: -37149.53 | F49: 0 | G49: REL | H49: WACT
A50: S/61.29.00037.05 | B50: 500000004142 | C50: 53074.77 | D50: -53074.77 | E50: -53074.77 | F50: 0 | G50: REL | H50: WACT
A51: S/61.29.00038.05 | B51: 500000004114 | C51: 74299.07 | D51: -74299.07 | E51: -74299.07 | F51: 0 | G51: CRTD | H51: WACT
A52: S/61.29.00039.05 | B52: 500000004131 | C52: 98710.28 | D52: -98710.28 | E52: -98710.28 | F52: 0 | G52: CRTD | H52: WACT
A53: S/61.55.00203.02 | B53: 320000096511 | C53: 7109.72 | D53: -7109.72 | E53: -7109.72 | F53: 0 | G53: REL | H53: WACT
A54: S/61.55.00204.02 | B54: 320000096511 | C54: 10541.86 | D54: -10541.86 | E54: -10541.86 | F54: 0 | G54: REL | H54: WACT
A55: S/61.55.00205.01 | B55: 320000096511 | C55: 8352.2 | D55: -8352.2 | E55: -8352.2 | F55: 0 | G55: REL | H55: WACT
... A58: S/61.55.00208.01 | B58: 320000096511 | C58: 6079.28 | D58: -6079.28 | E58: -6079.28 | F58: 0 | G58: REL | H58: WACT
A59: S/61.55.00304.01 | B59: 300001460364 | C59: 215037.38 | D59: -215037.38 | E59: -215037.38 | F59: 0 | G59: CLSD | H59: ACCO | I59: 44599
A60: S/61.55.00406.02 | B60: 320000100957 | C60: 35429.91 | D60: -35429.91 | E60: -35429.91 | F60: 0 | G60: REL | H60: WACT
A61: S/61.55.00441.01 | B61: 300001522473 | C61: 294523.36 | D61: -294523.36 | E61: -294523.36 | F61: 0 | G61: CLSD | H61: ACCO | I61: 44599
A62: S/61.56.00002.05 | B62: 320000095503 | C62: 17342.28 | D62: -17342.28 | E62: -17342.28 | F62: 0 | G62: CRTD | H62: WACT
A63: S/61.56.00003.05 | B63: 320000095503 | C63: 11059.59 | D63: -11059.59 | E63: -11059.59 | F63: 0 | G63: CRTD | H63: WACT
A64: S/61.56.00004.05 | B64: 320000095509 | C64: 6644.86 | D64: -6644.86 | E64: -6644.86 | F64: 0 | G64: CRTD | H64: WACT
A65: S/61.56.00017.05 | B65: 300001357027 | C65: 1177.57 | D65: -1177.57 | E65: -1177.57 | F65: 0 | G65: CRTD | H65: WACT
A66: S/61.56.00052.05 | B66: 300001356980 | C66: 1177.57 | D66: -1177.57 | E66: -1177.57 | F66: 0 | G66: CRTD | H66: WACT
A67: S/61.56.00125.02 | B67: 300001047310 | C67: 1076.18 | D67: -1076.18 | E67: -1076.18 | F67: 0 | G67: CRTD | H67: WACT
A68: S/61.56.00126.02 | B68: 300001047310 | C68: 615.41 | D68: -615.41 | E68: -615.41 | F68: 0 | G68: CRTD | H68: WACT
A69: S/61.56.00128.02 | B69: 300001047308 | C69: 1076.18 | D69: -1076.18 | E69: -1076.18 | F69: 0 | G69: CRTD | H69: WACT
A70: S/61.56.00129.02 | B70: 300001047308 | C70: 615.41 | D70: -615.41 | E70: -615.41 | F70: 0 | G70: CRTD | H70: WACT
A71: S/61.56.00131.02 | B71: 300001047307 | C71: 1076.18 | D71: -1076.18 | E71: -1076.18 | F71: 0 | G71: CRTD | H71: WACT
A72: S/61.56.00132.02 | B72: 300001047307 | C72: 615.41 | D72: -615.41 | E72: -615.41 | F72: 0 | G72: CRTD | H72: WACT
A73: S/61.56.00137.02 | B73: 300001047309 | C73: 1467.29 | D73: -1467.29 | E73: -1467.29 | F73: 0 | G73: CRTD | H73: WACT
... A110: S/61.56.00256.02 | B110: 320000096514 | C110: 4143.51 | D110: -4143.51 | E110: -4143.51 | F110: 0 | G110: CRTD | H110: WACT
A111: S/61.56.00282.05 | B111: 320000043247 | C111: 242846.78 | D111: -242846.78 | E111: -242846.78 | F111: 0 | G111: CLSD | H111: ACCO | I111: 44288
A112: S/61.56.00283.05 | B112: 320000043247 | C112: 81036.4 | D112: -81036.4 | E112: -81036.4 | F112: 0 | G112: CLSD | H112: ACCO | I112: 44288
A113: S/61.56.00285.02 | B113: 320000097958 | C113: 397.03 | D113: -397.03 | E113: -397.03 | F113: 0 | G113: CRTD | H113: WACT
A114: S/61.56.00286.02 | B114: 320000097958 | C114: 6011.85 | D114: -6011.85 | E114: -6011.85 | F114: 0 | G114: CRTD | H114: WACT
A115: S/61.56.00287.02 | B115: 320000097958 | C115: 1460.28 | D115: -1460.28 | E115: -1460.28 | F115: 0 | G115: CRTD | H115: WACT
A116: S/61.56.00290.02 | B116: 320000097959 | C116: 6791.93 | D116: -6791.93 | E116: -6791.93 | F116: 0 | G116: CRTD | H116: WACT
A117: S/61.56.00291.02 | B117: 320000097959 | C117: 575.29 | D117: -575.29 | E117: -575.29 | F117: 0 | G117: CRTD | H117: WACT
A118: S/61.56.00297.02 | B118: 320000097959 | C118: 249.6 | D118: -249.6 | E118: -249.6 | F118: 0 | G118: CRTD | H118: WACT
A119: S/61.56.00319.05 | B119: 300001411144 | C119: 1177.57 | D119: -1177.57 | E119: -1177.57 | F119: 0 | G119: CRTD | H119: WACT
A120: S/61.56.00343.05 | B120: 320000096514 | C120: 9401.87 | D120: -9401.87 | E120: -9401.87 | F120: 0 | G120: CRTD | H120: WACT
A121: S/61.56.00344.05 | B121: 300001410997 | C121: 1177.57 | D121: -1177.57 | E121: -1177.57 | F121: 0 | G121: CRTD | H121: WACT
A122: S/61.56.00347.05 | B122: 320000097652 | C122: 12467.29 | D122: -12467.29 | E122: -12467.29 | F122: 0 | G122: CRTD | H122: WACT
A123: S/61.56.00348.05 | B123: #N/A | C123: 0 | D123: 0 | E123: #N/A | F123: #N/A | G123: #N/A | H123: #N/A | I123: #N/A | J123: ประมาณการต้นทุน =0 ตอน interface ข้อมูลเข้ามา
A124: S/61.56.00350.02 | B124: 320000099095 | C124: 1044.04 | D124: -1044.04 | E124: -1044.04 | F124: 0 | G124: CRTD | H124: WACT
A125: S/61.56.00351.02 | B125: 320000099095 | C125: 5656.89 | D125: -5656.89 | E125: -5656.89 | F125: 0 | G125: CRTD | H125: WACT
A126: S/61.56.00361.05 | B126: 300001373935 | C126: 1177.57 | D126: -1177.57 | E126: -1177.57 | F126: 0 | G126: CRTD | H126: WACT
A127: S/61.56.00367.05 | B127: 320000099364 | C127: 77351.06 | D127: -77351.06 | E127: -77351.06 | F127: 0 | G127: CRTD | H127: WACT
A128: S/61.56.00368.05 | B128: 320000099364 | C128: 20162.96 | D128: -20162.96 | E128: -20162.96 | F128: 0 | G128: CRTD | H128: WACT
A129: S/61.56.00369.05 | B129: 320000099363 | C129: 78343.62 | D129: -78343.62 | E129: -78343.62 | F129: 0 | G129: CRTD | H129: WACT
A130: S/61.56.00370.05 | B130: 320000099363 | C130: 21189.09 | D130: -21189.09 | E130: -21189.09 | F130: 0 | G130: CRTD | H130: WACT
A131: S/61.56.00371.05 | B131: 320000099340 | C131: 25059.33 | D131: -25059.33 | E131: -25059.33 | F131: 0 | G131: CRTD | H131: WACT
A132: S/61.56.00372.05 | B132: 320000099340 | C132: 7277.12 | D132: -7277.12 | E132: -7277.12 | F132: 0 | G132: CRTD | H132: WACT
A133: S/61.56.00376.05 | B133: 320000097532 | C133: 6532.71 | D133: -6532.71 | E133: -6532.71 | F133: 0 | G133: CLSD | H133: ACCO | I133: 44288
A134: S/61.56.00377.05 | B134: 320000098854 | C134: 6532.71 | D134: -6532.71 | E134: -6532.71 | F134: 0 | G134: CRTD | H134: WACT
A135: S/61.56.00380.05 | B135: 320000099360 | C135: 68962.92 | D135: -68962.92 | E135: -68962.92 | F135: 0 | G135: CRTD | H135: WACT
A136: S/61.56.00381.05 | B136: 320000099360 | C136: 15263.29 | D136: -15263.29 | E136: -15263.29 | F136: 0 | G136: CRTD | H136: WACT
A137: S/61.56.00391.05 | B137: 320000099362 | C137: 11112.15 | D137: -11112.15 | E137: -11112.15 | F137: 0 | G137: CRTD | H137: WACT
A138: S/61.56.00393.05 | B138: 320000099368 | C138: 6532.71 | D138: -6532.71 | E138: -6532.71 | F138: 0 | G138: CLSD | H138: ACCO | I138: 44288
...

Sheet Sheet5
A1: Row Labels | C1: Sum of ยอดเงินที่บันทึก | D1: Sum of ยอดเงินที่บันทึก*-1 | E1: ZPSR049 | F1: Diff | H1: Diff | I1: Status | J1: User Status | K1: TECO Date
A2: S/63.29.00022.05 | B2: 500000004683 | C2: 37872.56 | D2: -37872.56 | E2: -28175.72 | F2: =E2-D2 -> 9696.84 | G2: =D2=F2 -> FALSE | H2: -9696.84 | I2: REL | J2: WACT | L2: =E2=H2 -> FALSE | M2: ไม่ต้องปรับ บอลมากระจายให้เข้าตัว S64 ไป
A3: S/63.29.00026.05 | B3: 500000004683 | C3: 21641.46 | D3: -21641.46 | E3: -16100.41 | F3: =E3-D3 -> 5541.05 | G3: =D3=F3 -> FALSE | H3: -5541.05 | I3: CRTD | J3: WACT | L3: =E3=H3 -> FALSE | M3: ไม่ต้องปรับ บอลมากระจายให้เข้าตัว S64 ไป
A4: S/63.29.00027.05 | B4: 500000004684 | C4: 243705.97 | D4: -243705.97 | E4: 0 | F4: =E4-D4 -> 243705.97 | G4: =D4=F4 -> FALSE | H4: -243705.97 | I4: CRTD | J4: WACT | L4: =E4=H4 -> FALSE | M4: ไม่ต้องปรับ บอลมากระจายให้เข้าตัว S64 ไป
A5: S/63.66.00255.05 | B5: 320000129202 | C5: 24196.26 | D5: -24196.26 | E5: -12098.13 | F5: =E5-D5 -> 12098.13 | G5: =D5=F5 -> FALSE | H5: -12098.13 | I5: CRTD | J5: WACT | L5: =E5=H5 -> TRUE | M5: ไม่ต้องปรับ บอลมากระจายให้เข้าตัว S64 ไป
A6: S/63.67.00174.01 | B6: 320000127580 | C6: 0 | D6: 0 | E6: -7607.48 | F6: =E6-D6 -> -7607.48 | G6: =D6=F6 -> FALSE | H6: 7607.48 | I6: CLSD | J6: ACCO | K6: 44456 | L6: =E6=H6 -> FALSE | M6: มีคื้นเงิน แต่ยอด CJR2 ไม่รวมคืนเงิน
A7: S/64.56.00137.05 | B7: 320000136410 | C7: 20082.4 | D7: -20082.4 | E7: -10045.03 | F7: =E7-D7 -> 10037.37 | G7: =D7=F7 -> FALSE | H7: -10037.37 | I7: CLSD | J7: ACCO | K7: 44505 | L7: =E7=H7 -> FALSE | M7: CJR2 ถูกแล้ว เพราะ SO ทำ cc ไม่ถูกต้อง
A8: S/64.56.00138.05 | B8: 320000136410 | C8: 33412.92 | D8: -33412.92 | E8: -16702.63 | F8: =E8-D8 -> 16710.29 | G8: =D8=F8 -> FALSE | H8: -16710.29 | I8: CLSD | J8: ACCO | K8: 44505 | L8: =E8=H8 -> FALSE | M8: CJR2 ถูกแล้ว เพราะ SO ทำ cc ไม่ถูกต้อง
A9: S/64.56.00318.05 | B9: 300001966079 | C9: 391757.01 | D9: -391757.01 | E9: -783514.02 | F9: =E9-D9 -> -391757.01 | G9: =D9=F9 -> TRUE | H9: 391757.01 | I9: REL | J9: WACT | L9: =E9=H9 -> FALSE | M9: แก้ Plan dup *2
A10: S/64.56.00322.05 | B10: 300001974854 | C10: 879794.39 | D10: -879794.39 | E10: -1759588.8 | F10: =E10-D10 -> -879794.39 | G10: =D10=F10 -> TRUE | H10: 879794.39 | I10: REL | J10: WACT | L10: =E10=H10 -> FALSE | M10: แก้ Plan dup *2
A11: S/64.57.00262.02 | B11: 300001971350 | C11: 125046.73 | D11: -125046.73 | E11: -375140.19 | F11: =E11-D11 -> -250093.46 | G11: =D11=F11 -> FALSE | H11: 250093.46 | I11: REL | J11: WACT | L11: =E11=H11 -> FALSE | M11: แก้ Plan dup *3
A12: S/64.58.00791.02 | B12: 300001795017 | C12: 3160.99 | D12: -3160.99 | E12: -6308.41 | F12: =E12-D12 -> -3147.42 | G12: =D12=F12 -> FALSE | H12: 3147.42 | I12: CLSD | J12: ACCO | K12: 44617 | L12: =E12=H12 -> FALSE
A13: S/64.58.00792.02 | B13: 300001799621 | C13: 4728.44 | D13: -4728.44 | E13: -9457.94 | F13: =E13-D13 -> -4729.5 | G13: =D13=F13 -> FALSE | H13: 4729.5 | I13: CLSD | J13: ACCO | K13: 44617 | L13: =E13=H13 -> FALSE
A14: S/64.58.00796.02 | B14: 300001848438 | C14: 10002.18 | D14: -10002.18 | E14: -20028.04 | F14: =E14-D14 -> -10025.86 | G14: =D14=F14 -> FALSE | H14: 10025.86 | I14: CLSD | J14: ACCO | K14: 44617 | L14: =E14=H14 -> FALSE
A15: S/64.66.00076.05 | B15: 320000137589 | C15: -464878.5 | D15: 464878.5 | E15: 0 | F15: =E15-D15 -> -464878.5 | G15: =D15=F15 -> FALSE | H15: 464878.5 | I15: CRTD | J15: WACT | L15: =E15=H15 -> FALSE | M15: ไม่แน่ใจทำไมหาย
A16: S/64.66.00096.05 | B16: 320000138283 | C16: 50093.46 | D16: -50093.46 | E16: -25046.73 | F16: =E16-D16 -> 25046.73 | G16: =D16=F16 -> FALSE | H16: -25046.73 | I16: REL | J16: WACT | L16: =E16=H16 -> TRUE | M16: CJR2 ถูกแล้ว เพราะ SO ทำ cc ไม่ถูกต้อง
A17: S/64.66.00145.05 | B17: 320000140848 | C17: 14013.88 | D17: -14013.88 | E17: -42041.64 | F17: =E17-D17 -> -28027.76 | G17: =D17=F17 -> FALSE | H17: 28027.76 | I17: REL | J17: WACT | L17: =E17=H17 -> FALSE | M17: แก้ Plan dup *3
A18: S/64.66.00146.05 | B18: 320000140848 | C18: 182322.57 | D18: -182322.57 | E18: -546967.71 | F18: =E18-D18 -> -364645.14 | G18: =D18=F18 -> FALSE | H18: 364645.14 | I18: REL | J18: WACT | L18: =E18=H18 -> FALSE | M18: แก้ Plan dup *3
A19: S/64.68.00279.05 | B19: 320000125334 | C19: 52703.37 | D19: -52703.37 | E19: -71953.43 | F19: =E19-D19 -> -19250.06 | G19: =D19=F19 -> FALSE | H19: 19250.06 | I19: TECO | J19: WCLS | K19: 44680 | L19: =E19=H19 -> FALSE | M19: ยอด plan รวมไม่ถูกต้อง รอ cf กับบอล
A20: S/64.68.00280.05 | B20: 320000125334 | C20: 32659.6 | D20: -32659.6 | E20: -44588.63 | F20: =E20-D20 -> -11929.03 | G20: =D20=F20 -> FALSE | H20: 11929.03 | I20: TECO | J20: WCLS | K20: 44680 | L20: =E20=H20 -> FALSE | M20: ยอด plan รวมไม่ถูกต้อง รอ cf กับบอล
A21: S/64.69.00098.02 | B21: 300001971171 | C21: 82327.1 | D21: -82327.1 | E21: -246981.3 | F21: =E21-D21 -> -164654.2 | G21: =D21=F21 -> FALSE | H21: 164654.2 | I21: REL | J21: WACT | L21: =E21=H21 -> FALSE | M21: แก้ Plan dup *3
A22: S/64.69.00185.02 | B22: 300001984867 | C22: 1306.2 | D22: -1306.2 | E22: -2612.4 | F22: =E22-D22 -> -1306.2 | G22: =D22=F22 -> TRUE | H22: 1306.2 | I22: TECO | J22: ACCO | K22: 44676 | L22: =E22=H22 -> FALSE | M22: แก้ Plan dup *2
A23: S/64.69.00186.02 | B23: 300001984867 | C23: 675.11 | D23: -675.11 | E23: -1350.22 | F23: =E23-D23 -> -675.11 | G23: =D23=F23 -> TRUE | H23: 675.11 | I23: TECO | J23: ACCO | K23: 44676 | L23: =E23=H23 -> FALSE | M23: แก้ Plan dup *2
A24: S/64.70.00206.02 | B24: 320000136909 | C24: 15140.18 | D24: -15140.18 | E24: -7570.09 | F24: =E24-D24 -> 7570.09 | G24: =D24=F24 -> FALSE | H24: -7570.09 | I24: CLSD | J24: ACCO | K24: 44634 | L24: =E24=H24 -> TRUE | M24: CJR2 ถูกแล้ว เพราะ SO ทำ cc ไม่ถูกต้อง
A25: S/64.70.00325.05 | B25: 300001971758 | C25: 51242.99 | D25: -51242.99 | E25: -102485.98 | F25: =E25-D25 -> -51242.99 | G25: =D25=F25 -> TRUE | H25: 51242.99 | I25: REL | J25: WACT | L25: =E25=H25 -> FALSE | M25: แก้ Plan dup *2
A26: S/64.70.00411.02 | B26: 300001821558 | C26: 65822.43 | D26: -65822.43 | E26: -131644.86 | F26: =E26-D26 -> -65822.43 | G26: =D26=F26 -> TRUE | H26: 65822.43 | I26: REL | J26: WACT | L26: =E26=H26 -> FALSE | M26: แก้ Plan dup *2
A27: S/64.75.00029.02 | B27: 300001740051 | C27: 85588.78 | D27: -85588.78 | E27: -42794.39 | F27: =E27-D27 -> 42794.39 | G27: =D27=F27 -> FALSE | H27: -42794.39 | I27: CLSD | J27: ACCO | K27: 44531 | L27: =E27=H27 -> TRUE
A28: S/64.77.00177.02 | B28: 300001962488 | C28: -23018.69 | D28: 23018.69 | E28: 0 | F28: =E28-D28 -> -23018.69 | G28: =D28=F28 -> FALSE | H28: 23018.69 | I28: CRTD | J28: WACT | L28: =E28=H28 -> FALSE | M28: ไม่แน่ใจทำไมหาย
A29: S/64.80.00401.02 | B29: 320000141553 | C29: -7302.13 | D29: 7302.13 | E29: 0 | F29: =E29-D29 -> -7302.13 | G29: =D29=F29 -> FALSE | H29: 7302.13 | I29: CLSD | J29: ACCO | K29: 44567 | L29: =E29=H29 -> FALSE
A30: S/64.80.00402.02 | B30: 320000141553 | C30: -2815.19 | D30: 2815.19 | E30: 0 | F30: =E30-D30 -> -2815.19 | G30: =D30=F30 -> FALSE | H30: 2815.19 | I30: CLSD | J30: ACCO | K30: 44567 | L30: =E30=H30 -> FALSE
A31: S/64.80.00403.02 | B31: 320000141553 | C31: -359.32 | D31: 359.32 | E31: 0 | F31: =E31-D31 -> -359.32 | G31: =D31=F31 -> FALSE | H31: 359.32 | I31: CLSD | J31: ACCO | K31: 44567 | L31: =E31=H31 -> FALSE
